,address,company
0,海淀,大连高新缘梦信息服务有限公司
1,北京市海淀区中关村新科祥园甲6号,中科软科技股份有限公司
2,海淀区杏石口路西山赢府,同方鼎欣科技股份有限公司
3,北京市昌平区沙河镇西沙屯桥西中国石油科技园A12地块B2座,北京中油瑞飞信息技术有限责任公司
4,上海市浦东新区世纪大道1500号东方大厦4楼,上海仁教信息技术有限公司
5,北京市大兴区亦庄京东大厦,京东金融
6,北京市海淀区知春路118号知春大厦A座7层,店商互联(北京)科技发展有限公司
8,北京市海淀区学清路23号汉华世纪大厦B座,中公教育
9,北京市朝阳区东三环盈科中心,北京科锐国际人力资源股份有限公司
11,北京市海淀区宝盛北里西区28号天丰利商厦4层,北京千锋互联科技有限公司
12,北京经济技术开发区地盛西路1号 数码庄园,中企动力科技股份有限公司
13,北京市海淀区苏州街3号大恒科技大厦北座8层,北京世纪好未来教育科技有限公司
14,公司名称：北京奇虎科技有限公司<br/>公司主页：http://www.360.cn<br/>,北京奇虎科技有限公司
16,北京市海淀区北四环中路211号,中国电子科技集团公司第十五研究所
17,海淀区上地五街五号高立二千大厦五层,同方鼎欣科技股份有限公司
18,北京市朝阳区华威里10号鹏龙大厦4F,北京中体骏彩信息技术有限公司
19,北京市海淀区科学院南路2号院融科资讯中心3号楼搜狐媒体大厦,搜狐媒体
21,北京市经济技术开发区荣华南路2号院5号楼（大族广场）,新博卓畅技术（北京）有限公司
22,北京市海淀区上地东路1号盈创动力大厦E 座502B,北京简单科技有限公司
23,北京市海淀区,苏州博纳讯动软件有限公司
24,北京市海淀区复兴路29号东塔楼1310号,北京神州云合数据科技发展有限公司
25,北京市朝阳区朝阳北路白家楼桥红庄保税创新园区,北京热点映像文化传媒有限公司
26,北京市北京经济技术开发区科创十一街18号,京东集团
29,北京市海淀区宝盛北里西区28号天丰利商城4层,北京欣如信科技有限公司
31,北京亦庄/五道口,金风科技股份有限公司
32,北京市海淀区上地七街得实大厦6层南区（51talk无忧英语）,北京大生知行科技有限公司
33,北京市海淀区丹棱街1号互联网金融中心21层,北京融世纪信息技术有限公司
35,北京市海淀区西北旺东路10号院7号楼博彦科技大厦,博彦科技股份有限公司
37,朝阳区来广营附近,博彦科技股份有限公司
40,潘家园,达内时代科技集团有限公司
41,北京,中软国际科技服务有限公司深圳分公司
42,北京,文思海辉技术有限公司 Pactera Technology International Limited
43,北京百度科技园K4,中软国际科技服务有限公司深圳分公司
45,北京市海淀区王庄路1号清华同方科技广场D座西楼16层,九次方大数据信息集团有限公司
46,北京市海淀区花园路2号牡丹科技大厦B座5层,北大方正集团
47,西城区长椿街中国移动创新大楼,同方鼎欣科技股份有限公司
48,北京市启阳路金辉大厦28层,马上消费金融股份有限公司
49,青岛市松岭路399号海信研发中心,青岛海信电器股份有限公司-海视云
50,海淀区杏石口路99号西山赢府E座4层,同方鼎欣科技股份有限公司
51,海淀区紫竹院路116号嘉豪国际中心B座2层,航天信息股份有限公司
52,北京市朝阳区光华路9号世贸天阶D座天阶大厦15层（北京总公司地址）,绫致时装（天津）有限公司
55,北京市西北旺东路10号院西区8号楼,新浪网
57,百度科技园3号楼,中软国际科技服务有限公司深圳分公司
59,PTA_BJ@pactera.com,文思海辉技术有限公司 Pactera Technology International Limited
60,北京市朝阳区安定路5号院7号楼中海国际中心A座7层,北京掌趣科技股份有限公司
61,昌平区建材城西路育新小区对面金燕龙办公楼传智播客,江苏传智播客教育科技股份有限公司北京分公司
62,北京市海淀区万柳亿城中心,北京明特量化信息技术有限公司
63,北京市朝阳区安贞桥北安定路39号 长新大厦6层611室,北京好巧国际旅行社有限公司
64,河南省郑州市金水区,河南奇酷信息技术有限公司
66,北京市朝阳区光华路7号汉威大厦7层,上海甦翔投资咨询有限公司 - 研发中心
68,海淀区杏石口路西山赢府国际商务中心,同方鼎欣科技股份有限公司
69,北京,马上消费金融股份有限公司
70,北京市 海淀区,阳光保险集团股份有限公司
71,北京市海淀区上地西路6号联想研究院,北京联想利泰软件有限公司
72,北京市海淀区上地信息产业基地开拓路7号先锋大厦,北京联想利泰软件有限公司
73,阿里巴巴集团,阿里巴巴集团
74,北京市朝阳区酒仙桥路4号宏源大厦22层,中科富创(北京)科技有限公司
75,北京市海淀区西三环北路72号世纪经贸大厦B座16层1608室,世纪文都教育科技集团股份有限公司
76,北京市朝阳区北苑路乙108号北美国际商务中心C1座,北京友缘在线网络科技股份有限公司
77,北京市海淀区上地三街金隅嘉华大厦C座1002,极客学院
78,北京市朝阳区北辰世纪中心A座926,上海飞观信息科技有限公司
79,北京市朝阳区北土城东路4号院1号楼3楼东侧,北京博派通达科技有限公司
80,朝阳区光华路SOHO二期C座3-1室,小付钱包技术(北京)有限公司
81,北京市海淀区中关村软件园2A楼2101,北京捷通华声科技股份有限公司
83,北京市朝阳区朝来科技园创远路36号院1号楼4层,小叶子(北京)科技有限公司
84,空港工业园区融慧园B座6号楼6层,北京百悟科技有限公司
85,北京市朝阳区左家庄1号国门大厦,北京多联元信息技术有限公司
86,北京市朝阳区东三环北路乙2号海南航空大厦B座5层,北京无双科技有限公司
87,北京市海淀区海淀文化艺术大厦B座8层,多点生活(中国)网络科技有限公司
88,北京市西城区北土城西路智选假日酒店,大连信雅达软件有限公司北京办事处
89,北京市昌平区龙域中街龙域中心b座9层,北京美洽网络科技有限公司
90,北京市海淀区黑泉路宝盛广场C座3层,北京能通天下网络技术有限公司
91,海淀区海淀东三街2号13层,北京点石经纬科技有限公司
92,北京市海淀区北清路中关村环保科技示范园锦带路88号院1号楼,北京佳讯飞鸿电气股份有限公司
94,北京市海淀区北四环西路56号辉煌时代大厦11层、15层,北京智慧星光信息技术有限公司
95,北京海淀区互联网金融中心六层,北京点石经纬科技有限公司
96,北京市朝阳区高井8号东亿国际传媒产业园c15,天津火星文化有限公司北京分公司
98,北京西二旗,中博睿智(北京)科技发展有限公司
99,北京市顺义区空港工业园B区巨鸿大厦A座一层,北京迈基诺基因科技股份有限公司
100,北京市东城区安外大街2号安贞大厦19层,北京信达泰和数据技术有限公司
101,北京市海淀区知春路,北京华信杰通科技有限公司
102,北京市海淀区农大南路一号硅谷亮城,北京中睿天下信息技术有限公司
103,北京市朝阳区北辰西路8号汇园酒店公寓H座901,广州杰颉软件科技有限公司
105,北京市朝阳区霄云路26号鹏润大厦A座31层,大公国际信用评级集团有限公司
106,北京市海淀区长春桥路11号万柳亿城大厦C1座12B,北京全品文教科技股份有限公司
108,北京市海淀区中关村丹棱街3号中国电子大厦B座706,环球合一网络技术(北京)股份有限公司
109,北京市顺义区机场东路国家地理信息产业园1A-4星图大厦,航天星图科技(北京)有限公司
113,北京市海淀区中关村东升科技园北领地,精硕科技(北京)股份有限公司
115,北京市朝阳区北辰世纪中心A926（15号线奥林匹克公园）,上海飞观信息科技有限公司
116,北京联想总部西区,郑州软通合力计算机技术有限公司
117,北京,北京华清远见科技信息有限公司
118,"北京市海淀区西三旗悦秀路北京明园大学,华清远见办公楼",北京华清远见科技信息有限公司
119,北京市海淀区西直门北大街甲43号金运大厦B座12层,博易智软(北京)技术股份有限公司
120,北京市海淀区西二旗盈创动力E栋801,北京大开科技有限公司
121,北京市海淀区上地东路1号华控大厦,北京天融信科技有限公司
122,北京市朝阳区绿地中心B座11层,北京盖娅互娱网络科技股份有限公司
123,北京市朝阳区酒仙桥北路甲10号院106号楼荣之联大厦,北京荣之联科技股份有限公司
124,北京市海淀区中关村东路1号院搜狐网络大厦,搜狗公司
125,北京市朝阳区阜通东大街18号天启大厦2310,北京智华信科技股份有限公司
126,北京市朝阳区北土城东路4号院1号楼3楼,北京博派通达科技有限公司
127,北京市海淀区上地东路1号院盈创动力大厦A座七层,北京中庆现代技术股份有限公司
130,北京市海淀区苏州街银科大厦610,深圳码隆科技有限公司
131,北京市丰台区总部基地五区13号楼4层,人人买(北京)网络科技有限公司
132,北京海淀区中关村南大街甲12号寰太大厦702室,北京神州泰岳信息工程技术有限公司
133,北京市海淀区上地软件园南路57号北京八维教育,北京八维研修学院
136,北京市东城区王府井西街9号东方文化大厦2-3层,银湖网络科技有限公司
137,北京市大兴工业开发区科苑路18号华商创意中心4号楼,北京汇商融通信息技术有限公司
138,北京市朝阳区远洋新干线A座602,极课大数据
139,北京市昌平区回龙观文华西路育荣教育园区LAMP兄弟连楼,易第优（北京）教育咨询股份有限公司
142,北京市朝阳区酒仙桥路10号恒通商务园B39楼A座,北京知趣科技有限公司
143,北京市朝阳区酒仙桥路14号兆维华灯大厦,北京墨迹风云科技股份有限公司
144,北京市朝阳区酒仙桥路6号院（电子城-国际电子总部）2号楼,北京奇安信科技有限公司
145,北京市丰台区南四环西路186号汉威国际广场,北京商高科技有限公司
146,北京大兴区生物医药基地,北京财经专修学院
147,北京市朝阳区东三环北路28号博瑞大厦B座,北京复华卓越商业管理有限公司
148,10号线北土城,世纪爱心国际投资集团有限公司
149,北京市海淀区东冉北街9号宝蓝金园（互联网金融产业园）B3010室,北京首都在线科技股份有限公司
150,总公司：北京市丰台区洋桥12号天路蓝图大厦,拓天伟业(北京)资产管理集团有限公司
151,北京市昌平区回龙观东大街338号创客广场,北京若森数字科技有限公司
152,北京朝阳区望京,恩梯梯数据(中国)有限公司上海分公司
154,北京市朝阳区北辰国际中心A座926,上海飞观信息科技有限公司
155,北京市10号线北土城站,世纪爱心国际投资集团有限公司
156,北京睿思博考教育科技有限公司,北京睿思博考教育科技有限公司
157,北京市海淀区彩和坊路8号天创科技大厦5层512（乘二号梯））,上海诚信互通网络信息科技有限公司
159,北京市海淀区奥北科技园,北京华云网际科技有限公司
161,北京市海淀区中关村大街18号科贸写字楼23层,北京四通工控技术有限公司
162,北京市朝阳区安定路5号院7号楼中海国际中心A座7层,北京玩蟹科技有限公司
163,北京市海淀区蓝靛厂南路55号金威大厦9层903,北京奇安信科技有限公司
165,北京市海淀区北清路68号院23号楼四层,杭州迪普科技股份有限公司北京技术开发中心
167,北京市朝阳区广顺北大街33号福码大厦A座16层,北京容联易通信息技术有限公司
169,酒仙桥6号院360大厦,360金融
173,北京市 朝阳区 朝阳区 新源南路1-3号,上海宣郝信息技术有限公司
176,北京市海淀区上地创新大厦三层,星河互联集团有限公司
177,朝阳区望京SOHOT2B0302,微租联盟(北京)汽车科技有限公司
178,北京市朝阳区尚八里文创园E座9层,数联道(北京)科技有限公司
179,北京市海淀区知春路9号坤讯大厦7-9层,东信北邮信息技术有限公司
183,北京市海淀区复兴路65号电信实业大厦二层西区,北京根网科技有限公司
185,北京市海淀区京门,北京斯普信信息技术有限公司
189,北京、上海、深圳、成都、南京、武汉、西安、广州，详细地址见上方,北京华清远见科技信息有限公司
190,北京市石景山区西井路17号诚海大厦4层,北京银河长兴影视文化传播股份有限公司
191,清河中街五彩城,北京思迪康泰科技有限公司
192,山东省聊城市高新区庐山南路与黄河路交汇处向南200米路东,找伙伴(北京)信息技术股份公司
193,北京市朝阳区,北京易联戴维企业管理服务有限责任公司
194,北京星河聘快线科技有限公司,北京星河聘快线科技有限公司
195,北京市昌平区北七家镇未来科技城南区中国电子信息安全技术研发基地B栋5层,中电长城网际系统应用有限公司
196,北京市通州区,华兴创信(北京)科技有限公司
197,北京市海淀区厂洼街3号丹龙大厦,北京国富如荷网络科技有限公司
198,北京银通易汇科技有限公司,北京银通易汇科技有限公司
199,北京市海淀区闵庄路3号清华科技园玉泉慧谷一期1号楼,北京安天网络安全技术有限公司
200,北京市朝阳区光华路甲9号世贸商务楼5层,北京图森未来科技有限公司
201,尚都国际中心A座1205,北京斯图飞腾科技有限公司
202,厦门市思明区软件园二期观日路28号102室,厦门晨华贸易有限公司
203,北京市海淀区,北京信邦安达信息科技股份有限公司
204,北京市海淀区展春园西路HomeX五道口加速器309室,北京焱融科技有限公司
205,北京东城区朝阳门银河SOHOD座50519号,律品汇科技（北京）有限公司
207,北京市中关村东路66号世纪科贸大厦B座1109,北京号外科技有限公司
208,北京市海淀区上地四街1号院3号楼5层,北京傲盾软件有限责任公司
209,海淀区西二旗辉煌国际一号楼1607,北京高梓行远科技有限公司
210,北京市朝阳区SOHO现代城A座701,乐飞天下信息技术(北京)有限公司
211,北京市海淀区上地三街金隅嘉华大厦A座410室,北京硬球科技有限公司
212,河北省石家庄市桥西区新石北路368号金石工业园创新大厦315室,河北戴纳米克科技有限公司
213,北京市海淀区北三环西路辅路甲18号中坤广场E座628室,易思互动(北京)科技有限公司
214,北京市朝阳区国贸建外soho西区14号楼1106,乐飞天下信息技术(北京)有限公司
215,北京市朝阳区望京SOHO T1 C座,超对称(北京)科技有限公司
216,北京市海淀区科学院南路2号融科资讯中心B座11F,北京原子钟信息科技有限公司
217,北京市朝阳区郎家园6号院3号楼4层,果壳网
218,北京市海淀区西北旺联想总部（北京）园区,北京未来云科技有限公司
219,北京市海淀区西北旺东路10号院21号楼  汇冠大厦5层,北京汇冠新技术股份有限公司
220,西二旗地铁口,北京兴竹同智信息技术股份有限公司
221,亮马桥,Symbio 北京研发中心
222,北京经济技术开发区地盛北街数码庄园B1座,北京新网数码信息技术有限公司
223,北京海淀区中关村南大街甲18号北京·国际C座,北京中创信测科技股份有限公司
224,北京市西直门内大街118号,中国电信集团系统集成有限责任公司
225,北京市丰台区南四环西路188号十八区7号楼8层,银河互联网电视有限公司
230,北京市朝阳区阜通东路6号方恒国际中心,北京智软英才管理咨询有限公司
231,北京市海淀区上地信息路10号,北京南天软件有限公司
232,北京市海淀区花园路戛纳3号楼2单元1305,北京战策互动科技有限公司
234,北京市中关村,思沃创智信息技术(北京)有限公司
235,郑州市科学大道53号中原国家广告产业园3号楼14楼,郑州三生石科技有限公司
236,北京市亦庄经济技术开发区荣昌东街甲5号隆盛大厦C座10层,同源数智(北京)科技有限公司
237,北京海淀区中关村鼎好大厦A座2层义创空间15号,青松智慧(北京)科技有限公司
238,北京市海淀区西二旗上地西路与G7高速红绿灯交叉口东北方向300米,北京世纪盈联科技股份有限公司
239,北京市昌平区霍营地铁首开国风美唐4号楼1312,优保联(北京)科技有限公司
240,北京市朝阳区百子湾路29号院2号楼309室,北京布雷恩科技有限公司
241,北京朝阳区恒通商务园 （无界空间3层）,北京中浦天投科技有限公司
242,海淀区中关村大街1号海龙大厦3层优客工场,北京科浪扑科技发展有限公司
243,朝阳区华贸天地无界空间,北京中浦天投科技有限公司
244,北京市海淀区四道口京果商厦,北京荣新智客教育科技有限公司
245,海淀西三旗 地铁育新站 北京明园大学,北京创客在线教育科技有限公司
246,北京市昌平区沙河沙阳路18号,北京云图智联教育科技有限责任公司
247,朝阳区来广营诚盈中心大厦5号楼8层,北京太一云科技有限公司
248,北京市海淀区中关村东路123号都市网景D座三层 ,混沌时代(北京)教育科技有限公司
249,北京市石景山区石景山路31号院盛景国际广场3号楼610室,北京阿尔山金融科技有限公司
250,北京市海淀区上地三街9号金隅嘉华大厦B710,北京汇才同飞软件技术研究院
251,北京市海淀区中关村sohoB座612,嘉才(北京)企业管理咨询有限公司
252,北京市海淀区清华科技园科建大厦7层,慕华(北京)网络技术有限公司
253,北京市海淀区东北旺西路8号中关村软件园4号楼云基地,北京永信至诚科技股份有限公司
254,北京市朝阳区北三环东路19号中国蓝星大厦七层,北京数智源科技股份有限公司
255,石家庄广安大街时代方舟B8层,河北新龙科技集团股份有限公司
256,北京海淀区清华东路甲7号,东方兴业网络教育服务有限责任公司
258,北京市朝阳区朝外大街乙6号朝外SOHO A座21层,金电联行（北京）信息技术有限公司
259,朝阳区朝阳门大街16号元亨大厦,北京恒信通诚科技有限公司
262,北京市朝阳区林萃桥国际气候大厦,北京朴素磐石投资管理有限公司
264,北京市海淀区永丰产业基地丰慧中路7号新材料创业大厦B205,北京北亚宸星科技有限公司
265,北京市海淀区知春路1号学院国际大厦906,北京数王科技有限公司
266,北京市朝阳区利泽中园106号楼3层308A号,北京卓越讯通科技有限公司
267,北京市顺义区林河南大街9号院26号楼,北京中都格罗唯视物流有限公司
268,北京市东城区东直门大街9号华普花园B座304室,北京艾唯博瑞科技有限公司
269,北京市朝阳区石佛营路保利东郡129号9号楼D座8层,北京造数科技有限公司
271,北京市海淀区中关村南大街12号百成科技楼四层,北京北方金证科技有限公司
273,北京市海淀区永丰屯538号1号楼358室,北京新界教育科技有限公司
274,北京,北京雇德信息科技有限公司
275,北京市昌平区TBD云集中心,国家网络安全应急工程技术研究中心
276,北京市朝阳区北京朝阳区北苑红军营南路15号 瑞普大厦C座905,杭州凡闻科技有限公司
277,北京市朝阳区清河营南街7号院华贸天地四号楼,北京中浦天投科技有限公司
278,北京市海淀区丹棱街创富大厦1505,北京微步在线科技有限公司
279,高新区深圳市南山区高新南五道9号金证股份大楼5F,睿初科技（深圳）有限公司
280,北京市海淀区北四环西路9号银谷大厦812、814室,爱贝睿(北京)科技有限公司
281,北京市顺义区竺园路12号院74号楼（泰达科技园）,北京翔博科技股份有限公司
282,北京市海淀区西三旗东升科技园,南京恒略信息技术有限公司
283,北京市海淀区中关村E世界A1501-1506,苏州美生元信息科技有限公司
285,北京市海淀区王庄路1号清华同方科技广场B座3层,北京朗势科技有限公司
286,北京市海淀区金源时代购物中心B区701,北京江民新科技术有限公司
287,数字传媒大厦,青岛碎片时代信息技术有限公司
288,北京市海淀区蓝靛厂南路55号金威大厦,北京天广汇通科技有限公司
289,北京邮电大学科研楼,北京软安科技有限公司
290,河北廊坊市固安县创业大厦3F,海数盈智教育科技(北京)有限公司
292,清华大学,湖南网数科技有限公司
293,北京市海淀区万柳中路11号派顿大厦六层613室,北京尚客传媒科技有限公司
294,北京市朝阳区望京街10号 望京SOHO T3 B座 2305,玫瑰视界(北京)网络科技有限公司
295,北京市东城区东四十条甲22号南新仓商务大厦A座605号,北京神黄科技股份有限公司
296,朝阳区惠河北路郎家园朗园21号楼（万达广场对面），地铁大望站，或国贸站,北京恒赢智航科技有限公司
297,北京市海淀区西四环北路66号，中国技术交易大厦B座19层,北京弘道智慧中医技术有限公司
298,中青健康产业发展有限公司,中青健康产业发展有限公司
299,北京市海淀区西小口路18号新华创新大厦5层,北京上格云技术有限公司
300,北京市朝阳区来广营乡来广营中街甲一号朝来高科技产业园10号楼4层,北京红枣科技有限公司
301,北京市通州区张家湾镇光华路西侧2层202室 ,北京京诚叁佰壹拾伍度网络科技有限公司
303,北京市朝阳区红军营南路15号瑞普大厦C座1503,明医众禾科技(北京)有限责任公司
304,北京市海淀区西三旗越秀路北京明园大学内华清远见,北京创客在线教育科技有限公司
305,北京市朝阳区百子湾竟园艺术中心1号库,海南大云科技有限公司
306,北京市昌平区吉晟别墅24-16号,北京思能科贸有限公司
308,北京市朝阳区观湖国际大厦1座305室,北京新鸿儒世纪网络技术有限公司
309,北京市朝阳区朝阳北路103号金泰国益大厦20层2002室,北京专脑信息技术有限公司
310,北京昌平区沙河赛迪科技产业园,北京赛博贝斯数据科技有限责任公司
311,北京市丰台区瀚海花园大厦,医源国际医院管理有限公司
318,北京市昌平区沙河顺沙路汇德商厦,北京一天天教育科技有限公司
319,北京市朝阳区光华路5号世纪财富中心,北京艾亿新融资本管理有限公司
321,北京市朝阳区和平里东土城路12号怡和阳光大厦C座,北京互联直通网络科技有限公司
322,北京朝阳区酒仙桥恒通商务园B8二层,世纪乐知（北京）网络技术有限公司
323,北京市海淀区知春路108号豪景大厦A座1401室,北京棣南新宇科技有限公司
324,海淀区,北京未来进程信息技术有限公司
325,北京朝阳区豆各庄乡金田影视产业园18号楼,首汇焦点(北京)科技有限公司
326,北京房山区智汇城：索维智能房山分校,北京索维智能科技有限公司
327,北京石景山创新平台索维智能,北京索维智能科技有限公司
328,北京大数据研究院,北京大数据研究院
329,朝阳区红军营南路15号院1号院瑞普大厦C1103,北京征晨文化传播有限公司
330,北京市朝阳区望京街望京SOHO塔一A座506,北京唯氧绿色科技有限公司
331,北京市石景山区杨庄大街69号中关村科技园首特创业园众创空间二层,北京一路无忧国际商务有限公司
332,北京市朝阳区安翔北里甲11号北京创业大厦B座701室,网帅科技(北京)有限公司
333,北京市朝阳区朝外大街26号朝外MEN大厦B座1607,拍库(北京)科技有限公司
334,北京市朝阳区青年路7号达美中心T2  11层,天津紫龙奇点互动娱乐有限公司北京办事处
335,北京市海淀区永泰庄北路东升国际创业园 1号楼2层优投空间U111室,北京奥德塔数据科技有限公司
336,北京市西城区阜成门外大街2号万通新世界A1008室,北京阿提拉科技有限公司
337,北京市海淀区清华科技园文津国际西塔12B05 ,北京百顺世纪科技有限公司
338,北京朝阳区国家会议中心,沈阳民航东北凯亚有限公司大连分公司
339,北京市海淀区清河小营东路15号,北京振中电子技术有限公司
340,北京市,北京锦龙信安科技有限公司
341,朝阳区东三环北路3号幸福大厦A座1213,昆明达林信息技术有限责任公司
343,北京市海淀区西小口路66号中关村东升科技园A区5号楼2层,北京蓝海讯通科技有限公司
344,北京 西城区,黑龙江一点通科技开发有限公司
345,北京市朝阳区酒仙桥中路10号，京东方科技园区内。,汇中泰德投资有限公司
346,北京市东城区北三环东路33号四层,北京中达金桥技术股份有限公司
351,北京市朝阳区利泽中一路博雅国际中心A座3A01,北京蓝沧科技有限公司
352,北京市朝阳区光华路9号光华路soho二期B座10层10-3.10-5,云和恩墨(北京)信息技术有限公司
353,北京市昌平区回龙观北清路1号珠江摩尔国际大厦3号楼1单元2002室,北京学神科技有限公司
354,北京市昌平区回龙观北清路珠江摩尔国际大厦 8号楼 1单元 612室,北京学神科技有限公司
355,北京市朝阳区东土城12号 怡和阳光大厦C座22层,北京嘉芸汇科技股份有限公司
356,大连市沙河口区软件园,OrangeTree Consultancy
357,海淀区中关村软件园24号楼,甲骨文（中国）软件系统有限公司
358,中关村SOHO A座902,北京必然如此网络技术有限公司
359,朝外soho C座,烟台欣和企业食品有限公司
360,北京市朝阳区立启阳路金辉大厦16层,北京麦达数字技术服务有限公司
362,北京市海淀区五路居中关村互联网文化创意产业园3号楼,北京云途腾科技有限责任公司
363,北京市朝阳区驼房营南路新华科技大厦A座,北京快人科技有限公司
365,北京车势科技有限公司,北京车势科技有限公司
367,北京市-四惠东，北京市-酒仙桥,伯乐易才(北京)管理咨询有限公司
370,北京市海淀区西三环中路10号望海楼,北京中视广信科技有限公司
374,北京市朝阳区阳光100D座优客工场,北京爱悦达管理顾问有限公司
375,北京市朝阳区光华路7号汉威大厦东区10层1007,中智智人信息技术有限公司
378,北京市丰台区丰台北路32号华胜写字楼7栋107 ,北京华诚兴业软件开发有限责任公司
379,北京市朝阳区酒仙桥路4号宏源大厦1201室,北京文脉互动科技有限公司
380,北京市海淀区西山赢府,北京中北信科技发展有限公司
381,北京市海淀区学院路甲5号768创意产业园B座2门2211,国人御康(北京)电子商务有限公司
382,北京市海淀区上地三街9号金隅嘉华大厦,北京创智信科科技股份有限公司
383,北京市海淀区清华园内的清华大学学研综合楼B座七层707室,会听声学科技(北京)有限公司
384,北京市海淀区上地嘉华大厦B座603,北京链上科技有限责任公司
386,回龙观创客广场A座506,北京得瑞领新科技有限公司
387,海淀区健德门,北京中科云智慧环保科技有限公司
388,东城区,深圳市骏昇科技有限公司
389,北京市朝阳区建国路89号华贸商务楼16号楼606,北京山茶花科技有限公司
390,.北京市丰台区丰台科学城航丰路甲4号,龙铁纵横(北京)轨道交通科技股份有限公司
392,北京市海淀区中关村大街18号科贸电子城五层5D09-2 ,北京中祥辉科技有限公司
393,东城区东大地街1号,北京多特蒙咨询服务有限公司
394,北京市朝阳区霄云路28号网信大厦A座,北京原始会投资管理有限公司
395,太阳宫大厦,上海蔓盈信息科技有限公司北京朝阳分公司
396,北京市海淀区上地三街金隅嘉华大厦A座904,北京敏数科技有限公司
397,北京市朝阳区农展馆南路13号,北京闪银信息技术有限公司
398,北京海淀,北京天酬视觉企业形象设计有限公司
400,北京市海淀区西三环北路56号,北京赢家创新谷科技有限责任公司
401,北京市朝阳区双营路甲6号北苑大酒店606,叠云(北京)科技股份有限公司
404,北京市朝阳区北京国家广告产业园区,天下拉手通讯技术有限公司
405,北京市朝阳区常营常惠路4号北辰福第V中心E座503室（地铁6号线常营站下C口出）,北京云端智度科技有限公司
406,朝阳区惠河北路郎家园朗园21号楼,北京恒赢智航科技有限公司
407,北京市东城区和平里东街民旺园,北京思能科贸有限公司
408,广东省深圳市南山区武汉大学产学研大楼,北京微格互动科技有限公司
409,北京市昌平区回龙观8号线育新站向北150米三旗百汇物美大卖场二层F2-015,北京育知同创科技有限公司
410,北京市朝阳区南磨房路37号1701-1703室,北京博睿捷程管理咨询有限责任公司
411,北京市海淀区中关村丹棱街甲1号互联网金融中心17层,伟仕互动(北京)商务信息有限公司
412,北京市海淀区东北旺西路8号中关村软件园17号楼1层B区101室,A10 Networks Inc (Beijing)
413,北京市海淀区学院路7号弘彧大厦六楼,北京赛宁网安科技有限公司
414,北京市朝阳区建国路93号万达广场6号楼1103室,北京超越无限信息技术有限公司
415,北京市海淀区永丰屯538号1号楼355室,北京新界教育科技有限公司
416,北京市东城区雍和宫航星科技园2号楼南侧5层,北京世纪鹤图软件技术有限责任公司
417,北京市朝阳区朝阳公园西里,智线云科技(北京)有限公司
418,北京市海淀区莲花苑5号楼华宝大厦1619室,北京国保金泰信息安全技术有限公司
419,北京市海淀区上地东路5号京蒙高科大厦4号楼A座6层,北京兰云科技有限公司
424,北京东城区广渠门领航国际1号楼1单元2103,北京元信网安科技有限公司
425,北京市通州区万达广场,北京中乙科技有限公司
426,北京市朝阳区亚运村,元贞佑方(北京)科技发展有限公司
427,北京市海淀区中关村鼎好A座3层太库,北京行数通科技有限公司
428,海淀区上地9街9号数码科技广场一层北区企名片,北京企名片科技有限公司
429,北京市海淀区万柳中路11号派顿大厦601室,北京步鼎方舟科技有限公司
430,北京市朝阳区东三环北路东方东路9号东方国际大厦6-7层,欧迪办公网络技术有限公司
432,无,华赢科技(北京)有限公司
433,朝阳区东亚望京中心A座507,北京中科时间科技有限公司
435,朝阳区,南充市华仕政兴人力资源服务有限公司
436,北京市朝阳区三元桥时间国际A座709室,上海趣美金融信息服务有限公司
437,海淀区清华同方科技广场D座东楼1505室,海口斑马互动网络科技有限公司
440,西城区阜成门外大街2号万通新世界B座1706室,明睿(北京)资本管理有限公司
441,知春路锦秋国际大厦,瓦戈科技(上海)有限公司
442,中关村,号外号(北京)科技有限公司
444,北京市朝阳区三元桥时间国际A座709室,上海趣美信息技术有限公司
446,北京双清大厦4座4层,北京万导技术咨询有限公司
447,北京市海淀区魏公村韦伯时代C座4层,北京同城翼龙网络科技有限公司
448,北京市朝阳区绿地中心中国锦20层,天道计然(北京)网络技术有限公司
449,北京市朝阳区中骏世界城Fun work,北京同人创新科技有限公司
451,北京市朝阳区望京soho T1号楼B座2205,北京丽兹行房地产顾问有限公司-BJ1
452,北京市海淀区北四环西路68号左岸工社10层,北京安信天行科技有限公司
454,北京市朝阳区豆各庄金田公园内8号金田影视传媒产业园16-1,视点映画(北京)数字技术有限公司
455,北京,北京中天易观信息技术有限公司
461,北京市朝阳区十里河,北京源润资产投资有限公司
462,天津市南开区南京路309号环球置地广场35层,天津运友物流科技股份有限公司
463,北京丰台区南四环汽车博物馆东路通号产业园区,通号通信信息集团有限公司
464,北京市朝阳区小营路25号房地置业大厦16层,北京盈禾优仕科技有限责任公司
465,北京市亦庄开发区西环南路18号,新博医疗技术有限公司
466,北苑路13号,北京螺思科技有限公司
467,北京市朝阳区北三环东路,时空幻境(北京)科技有限公司
468,北京市朝阳区豆各庄金田公园内8号金田影视传媒产业园,视点映画(北京)数字技术有限公司
469,北京市朝阳区东大桥尚都国际A座2208,国韵(北京)食品销售有限公司
470,北京市朝阳区东大桥宫宵国际中心6-8层,国安社区(北京)科技有限公司
471,朝阳区太阳宫金星园,上海文谛资产管理有限公司
473,北京市朝阳区酒仙桥东路1号院8号楼A厅6层A601,北京航新航宇航空科技有限公司
474,北京市海淀区丹棱街1号互联网金融中心八层,狐狸金服（北京）信息科技有限公司
477,北京市丰台区南四环西路186号汉威国际广场四期7号楼2层,北京信远通科技有限公司
479,北京市朝阳区容创路17号时代凌宇大厦,北京时代凌宇科技股份有限公司
480,北京海淀区中关村南大街6号中电信息大厦,北京网录科技有限公司
481,北京市朝阳区望京街8号利星行广场A座戴姆勒大厦8层,利星行(中国)汽车企业管理有限公司
489,北京市朝阳区环球金融中心,北京博睿捷程管理咨询有限责任公司
492,北京市海淀区中关村南大街6号中电信息大厦5层,北京网录科技有限公司
493,北京市朝阳区阜荣街10号望京首开广场5层,智联招聘网
494,北京市海淀区清华科技园,华睿泰科技(北京)有限公司
498,北京市东城区东长安街1号东方广场东三楼1008室,华睿泰科技(北京)有限公司
502,北京市海淀区知春路6号(锦秋国际大厦)17层A02室,北京华道资本投资有限公司
503,北京市海淀区上地信息路1号,北京华纬讯电信技术有限公司
504,北京今日易购电子商务有限公司,北京今日易购电子商务有限公司
505,北京市朝阳区来广营创远路36号院14号楼4层,北京羽乐创新科技有限公司
508,北京市丰台区丰台科技园3号楼,信和汇诚信用管理(北京)有限公司
509,北京市海淀区中关村南三街6号中科资源大厦南楼7层,安投融(北京)网络科技有限公司
511,北京市先农坛体育馆,北京高德体育文化股份有限公司
512,北京朝阳区望京利泽中园二区203号洛娃大厦B座303室 ,北京和润恺安科技发展股份有限公司
514,北京市海淀区五棵松路49号新奥特科技大厦8层,新奥特(北京)视频技术有限公司
515,北京市朝阳区亮马桥路40号21世纪大厦B座4F,杭州释码云信息技术有限公司
516,北京市东城区新中街乙12号A座403,北京爱狄特信息科技有限公司
517,北京市朝阳区八里庄东里1号莱锦创意产业园CN05,唯品会(中国)有限公司
520,北京市海淀区首体南路38号创景大厦B座一层,六维联合信息科技(北京)有限公司
521,北京市朝阳区京顺路5号曙光大厦B座,北京基调网络股份有限公司
522,昆山市玉山镇博士路1588号,昆山云飞企业管理有限公司
528,北京-C立方文创园,京东金融
529,北京市朝阳区大望路地铁站附近,宜信
530,北京市大兴区朝林广场A座,京东商城总部技术
533,北京市北辰世纪中心,京东集团
538,北京市大兴区经海路亦庄京东总部A座,京东金融
540,北京,联想集团有限公司
541,北京市朝阳区建国路88号SOHO现代城,宜信
546,联想西区总部,联想集团有限公司
552,北京朝阳区北辰西路8号北辰世纪中心A座,京东集团
553,北京市朝阳区北辰西路8号北辰世纪中心A座,京东集团
555,北京市海淀区知春路113号银网中心B座1012,海尔集团公司
557,北京,京东集团
560,北京市经济技术开发区东环中路5号,北京新能源汽车股份有限公司
561,北京海淀区海淀中街6号新东方大厦,新东方教育（科技）集团
575,北京市大兴区亦庄京东总部,京东金融
578,北京大兴亦庄京东总部,京东集团
581,北京市亦庄荣华中路19号院朝林广场,京东商城总部技术
582,北京市北辰世纪中心A座,京东集团
583,北京市北辰世纪中心A座 ,京东集团
584,北京市朝阳区北辰西路8号北辰世纪中心A座6层,京东商城
587,北京市亦庄,京东商城
588,北京海淀区知春路银网中心,海尔集团公司
589,联想总部（北京）园区，地址：海淀区西北旺东路10号院,联想集团有限公司
590,北京市大兴区亦庄经济开发区朝林广场A座,京东商城总部技术
609,北京朝阳区soho现代城,宜信
610,北京,京东商城总部
614,亦庄经济开发区科创十一街京东大厦,京东商城
615,北京市海淀区复兴路乙11号梅地亚写字楼八层,中视前卫影视传媒有限公司
616,北京市海淀区首体南路6号新世纪日航饭店写字楼,易鑫集团
617,北京朝阳区金地中心,宜信
619,中关村大街18号科贸写字楼B座1025,新东方教育（科技）集团
622,北京,京东金融
624,北京-亦庄,京东金融
627,北京市朝阳区工人体育场北路 8 号三里屯Soho B 座,北京科锐国际人力资源股份有限公司
628,北京市朝阳区呼家楼新苑4号楼锐创大厦11层,中视前卫影视传媒有限公司
634,北京,一佳(北京)技术咨询有限公司
640,朝林广场,京东商城总部
641,北京市朝阳区工人体育场北路 8 号三里屯Soho B 座2701 号,北京科锐国际人力资源股份有限公司
643,北京市亦庄经济开发区京东集团总部,京东商城总部技术
644,三里屯soho,北京科锐国际人力资源股份有限公司
648,北京亦庄经济技术开发区博兴一路8号,金风科技股份有限公司
649,北京亦庄博兴一路8号/北京五道口,金风科技股份有限公司
650,北京市海淀区海淀黄庄,创维集团有限公司
652,北京海淀区清河中街68号五彩城写字楼7-13层,北京小米通讯技术有限公司
653,北京市海淀区东北旺西路8号院尚东数字山谷B区1号楼,滴滴出行
654,北京市,北京融世纪信息技术有限公司
655,北京市海淀区北京市海淀区知春路7号致真大厦C座11层,欢聚时代（多玩YY）
658,北京市海淀区上地西路8号,中银金融商务有限公司
660,上地十街十号百度大厦,百度在线网络技术(北京)有限公司
661,北京海淀区清河小米总参,北京小米通讯技术有限公司
673,北京，上海,百度在线网络技术(北京)有限公司
675,北京 海淀区北四环西路52号方正国际大厦5层,方正国际软件（北京）有限公司
676,北京市大兴区亦庄博兴一路8号,金风科技股份有限公司
677,北京市海淀区东北旺路8号院尚东·数字山谷A3号楼 ,滴滴出行
679,北京市海淀区东北旺西路8号数字山谷,滴滴出行
682,百度科技园,百度在线网络技术(北京)有限公司
683,北京,北京奇虎科技有限公司
685,百度科技园1号楼,百度在线网络技术(北京)有限公司
696,北京,百度在线网络技术(北京)有限公司
697,北京,金瓜子科技发展(北京)有限公司
699,北京海淀区安宁庄东路72号科利源大厦西门小米六期 ,北京小米通讯技术有限公司
706,海淀区中关村软件园一期广联达大厦,广联达科技股份有限公司
708,北京市海淀区北四环西路68号左岸工社（中关村图书大厦）11层,北京沃赢科技股份有限公司
709,北京市海淀区东北旺西路8号院尚东数字山谷B区3号楼,滴滴出行
710,北京海淀区,顺丰科技有限公司
716,北京市海淀区中关村软件园二期广联达大厦,广联达科技股份有限公司
719,北京,瞬联讯通科技(北京)有限公司
721,北京市海淀区学清路甲8号D座C515,北京百知尚行科技有限公司
727,北京市海淀区软件园西北旺东路10号院2号楼嘀嘀湾流大厦,滴滴出行
728,北京市海淀区东北旺东路57号八维教育学院5号科技楼,金瓜子科技发展(北京)有限公司
729,北京,中国邮政储蓄银行股份有限公司
731,北京,北京融世纪信息技术有限公司
734,北京市海淀区东北旺西路10号院东区17号楼文思海辉大厦,滴滴出行
739,北京市海淀区中关村软件园未名视通研发楼 湾流大厦,滴滴出行
742,北京市海淀区北三环西路43号中航广场,今日头条
746,北京市朝阳区广渠家园5号楼首东国际大厦A座,中软国际科技服务有限公司深圳分公司
747,"Suite 1102A, Tower D, DRC Office Building, No.19 Dongfangdonglu, Chaoyang District,Beijing",Antal International
748,北京亦庄,京东金融
750,工作地当地办公室,北京三快在线科技有限公司
753,北京市西城区金融街,东软集团股份有限公司
754,北京市朝阳区来广营中街甲1号创远路36号院4-6号楼,尚德机构
756,北京市海淀区上地信息路2号国际创业园C栋一层,浪潮集团有限公司
757,北京市海淀区知春路泰跃商务中心2层,北京科锐国际人力资源股份有限公司
763,美国硅谷,京东金融
767,海淀区清华科技园,上海微创软件股份有限公司
768,北京市朝阳区北京市朝阳区八里庄陈家林九号院华腾世纪总部B座3层,北京恒昌利通投资管理有限公司
771,北京市海淀区西二旗西北旺东路互联网创新中心,北京恒昌利通投资管理有限公司
772,北京市海淀区西三旗西北旺东路互联网创新中心,北京恒昌利通投资管理有限公司
775,海淀区上地五街创业路6号,联想集团有限公司
776,广渠家园5号楼首东国际大厦A座7层(D口出，步行300米),中软国际科技服务有限公司深圳分公司
777,北京市朝阳区朝外大街IFC国际财源中心,北京科锐国际人力资源股份有限公司
779,北京市朝阳区大望路,宜信
781,北京市海淀区上地信息路2号创业园C座,浪潮集团有限公司
786,北京市朝阳区酒仙桥路52号院东方科技园1号楼A座,钱包金服(北京)科技有限公司
790,北京市朝阳区北辰西路8号北辰世纪中心A座,京东商城
795,北京市朝阳区光华路7号汉威大厦东区5层A1,北京恒昌利通投资管理有限公司
803,北京,软通动力信息技术(集团)有限公司
812,北京市海淀区知春路63号中国卫星通信大厦,今日头条
817,海淀区上地信息路2号国际创业园C栋,浪潮集团有限公司
826,北京市朝阳区望京东路4号恒电大厦B/C座,北京三快在线科技有限公司
829,北京,Michael Page
830,北京,宝马（中国） 服务有限公司BMW China Services Ltd.
835,北京市亦庄,京东商城总部
838,北京市大兴区亦庄经济开发区荣华中路19号院朝林广场A座,京东商城总部
839,北京市大兴区北京市亦庄经济开发区科创十一街18号院京东集团总部B座,京东商城总部
840,北京市亦庄经济开发区东区科创十一街18号院（经海路与科创十一街交叉口）  京东集团总部大楼,京东商城总部
843,北京市朝阳区望京东路6号望京国际研发园G/F座,北京三快在线科技有限公司
852,北京市亦庄经济开发区科创十一街18号院京东集团总部B座,京东商城总部
854,北京朝阳区北辰世纪中心A座,京东商城总部
856,北京市大兴区京东集团总部大楼,京东商城总部
860,北京市亦庄京东集团总部,京东商城总部
862,北京亦庄京东大厦,京东金融
863,北京建国门内大街中粮广场,我买网
870,亦庄,京东商城总部
874,北京市北辰世纪中心A座,京东商城总部
875,北京市海淀区西二旗中关村软件园互联网创新中心3层,北京恒昌利通投资管理有限公司
877,北京通州区科创十一街18号院京东集团总部,京东商城
878,北京市朝阳区朝外大街16号中国人寿大厦1301,北京科锐国际人力资源股份有限公司
880,北京市经济技术开发区京东集团总部,京东商城
881,北京市朝阳区望京街8号院利星行广场A座戴姆勒大厦,戴姆勒大中华区投资有限公司
891,北京、成都、西安、杭州,华为技术有限公司
892,海淀区丹棱街5号 微软大厦,上海微创软件股份有限公司
897,北京市朝阳区西大望路温特莱中心,宜信
901,北京市海淀区知春路,今日头条
902,北京,京东商城
903,北京市朝阳区望京广顺南大街利星行中心E座西门3层(地铁14号线阜通站C口北侧),优信集团
908,北京市大兴区亦庄京东总部大厦,京东金融
909,西城区华远街11号,咪咕文化科技有限公司
912,北京市朝阳区望京东路4号   恒电大厦C座,中软国际科技服务有限公司深圳分公司
915,北京市朝阳区安贞西里五区1号楼新华金融大厦3F,美菜网
924,北京市海淀区中关村南大街6号中电信息大厦8楼,北京世纪好未来教育科技有限公司
940,北京市朝阳区光华路7号汉威大厦东区A座5层,北京恒昌惠诚信息咨询有限公司
941,朝阳区大望路温特莱中心,宜信
947,北京-海淀区,顺丰科技有限公司
967,海淀区西北旺东路10号院 百度科技园,上海微创软件股份有限公司
970,北京市海淀区八维学校五号楼（上地七街附近）,金瓜子科技发展(北京)有限公司
971,北京市亦庄开发区荣京东街朝林广场,京东商城总部
973,北京市海淀区首体南路6号新世纪饭店写字楼9层,易鑫集团
977,北京市亦庄经济开发区科创十一街18号院京东集团总部,京东商城江苏分公司
984,西单北大街甲133号联通办公楼,联通支付有限公司
986,上海市浦东新区世纪大道1500号东方大厦,上海仁教信息技术有限公司
989,西单联通办公楼,联通支付有限公司
991,北京市海淀区东北旺路57号八维教育学院3号科技楼,金瓜子科技发展(北京)有限公司
992,亦庄开发区朝林广场,京东商城总部
993,海淀西二旗中关村软件园二期广联达二期大厦,广联达科技股份有限公司
994,beijing,Michael Page
996,北京市朝阳区望京SOHO T1楼B座2205,北京丽兹行房地产顾问有限公司-BJ8
1013,北京市昌平区沙河镇西沙屯桥西中国石油科技园A29地块,北京中油瑞飞信息技术有限责任公司
1015,北京市海淀区上地,浪潮集团有限公司
1019,北京朝阳区新源南路6号京城大厦,中国中信集团有限公司
1025,北京市海淀区北四环西路68号左岸工社11层1101-1113,北京沃赢科技股份有限公司
1027,北京市东城区豆腐池胡同23号宏恩观,北京大米科技有限公司
1028,北京,中粮营养健康研究院
1029,北京市海淀区,顺丰科技有限公司
1030,北京市海淀区西北旺上地十街百度科技园,百度在线网络技术(北京)有限公司
1032,北京市朝阳区望京东路6号美团AF座,北京三快在线科技有限公司
1036,皇冠假日酒店写字楼6层,海尔集团公司
1038,北京市海淀区北三环西路甲18号 (联想东桥东南角)中鼎大厦B座7层,达内时代科技集团有限公司
1050,北京,宝马（中国）汽车贸易有限公司 BMW China Automotive Trading Ltd.
1059,百度科技园2号楼,百度在线网络技术(北京)有限公司
1066,北京市海淀区丹棱街3号中国电子大厦B座5层,Gameloft
1069,山东省济南市高新区浪潮路1036号,浪潮集团有限公司
1071,PTA_WX@pactera.com,文思海辉技术有限公司 Pactera Technology International Limited
1076,北京市,北京东方雨虹防水技术股份有限公司
1082,北京市朝阳区望京街8号院利星行广场A座戴姆勒大厦,梅赛德斯-奔驰汽车金融有限公司
1083,北京海淀区清河小营东路15号中国电科院科研楼11层,北京中电普华信息技术有限公司
1085,北京市海淀区上地东路35号颐泉汇大厦7层,北京北森云计算股份有限公司
1087,北京市,北京中油瑞飞信息技术有限责任公司
1091,海淀区上地,北京北森云计算股份有限公司
1093,北京市海淀区 安宁庄东路72号科利源大厦,北京小米通讯技术有限公司
1095,北京市昌平区沙河镇西沙屯中石油科技园A12地块数据中心,北京中油瑞飞信息技术有限责任公司
1097,北京市昌平区沙河镇西沙屯桥西中国石油科技园A12地块B2座705室,北京中油瑞飞信息技术有限责任公司
1098,东城区朝阳门北大街8号富华大厦A座8层,信永中和(北京)国际投资管理有限公司
1110,搜狐媒体大厦,搜狐视频
1111,江苏省徐州市经济开发区科技路6号,徐工集团工程机械股份有限公司
1118,北京市——西城区,中科软科技股份有限公司
1120,北京市海淀区王庄路1号清华同方科技广场A座,同方股份有限公司
1124,北京市北京市昌平区沙河镇西沙屯中石油科技园A12地块B2座,北京中油瑞飞信息技术有限责任公司
1134,北京市朝阳区北四环中路27号盘古大观写字楼A座16F-17F,爱卡汽车网
1135,北京市海淀区首体南路6号新世纪饭店写字楼6层,易车公司
1137,北京市石景山区八角东街65号融科创意中心A座1506室,爱心人寿保险股份有限公司
1138,海淀区北坞创新园,大唐高鸿数据网络技术股份有限公司
1145,北京朝阳区工体北路甲6号,北京若为信息技术有限公司
1146,北京市朝阳区河荫中路金辉大厦310室,上海亨元金融信息服务有限公司
1148,北京市朝阳区建国门外大街6号安邦保险大厦,安邦保险集团股份有限公司
1152,北京朝阳区建国路81号华贸中心1号楼21层、11层、12层,戴尔斯克集团
1162,北京市朝阳区启阳路金辉大厦28层,马上消费金融股份有限公司
1163,北京市海淀区上地六街数字传媒大厦,北京同城必应科技有限公司
1165,丹棱街3号中国电子大厦,汽车之家
1166,中关村中国电子大厦,汽车之家
1167,北京市海淀区北四环西路58号理想国际大厦12层,汽车之家
1168,北京市海淀区海淀北二街6号,普天信息技术有限公司
1170,北京市海淀区理想国际大厦,汽车之家
1171,北京市海淀区北四环丹棱街3号中国电子大厦B座10层,汽车之家
1175,中关村(地铁海淀黄庄站）,汽车之家
1177,北京市朝阳区建外SOHO西区16号楼26层,普华众鑫文化传播有限公司
1178,海淀区上地东路9号得实大厦一层中区,北京汉克时代科技有限公司
1183,亦庄,新奥集团股份有限公司
1186,北京市朝阳区四惠伊莎文新广场附属楼B座2号楼,美业邦(北京)科技有限公司
1220,北京市海淀区博彦科技大厦4层,北京同城必应科技有限公司
1224,北京市东城区广渠家园5号楼首东国际大厦9-15层,新浪网房产频道
1225,北京市海淀区同方广场清华同方科技大厦A座29层,同方股份有限公司
1242,海淀区中关村理想国际大厦12层,汽车之家
1244,北京朝阳区利泽东街5号爱立信大厦,Ericsson
1245,北京市海淀区成府路298号方正大厦,北大方正集团
1250,北京海淀区中关村南大街国际大厦D座12层,狮桥融资租赁(中国)有限公司北京分公司
1251,北京市海淀区北清路与永丰路交汇处四维图新大厦,北京四维图新科技股份有限公司
1256,北京市西城区丰盛胡同20号丰铭国际大厦B座,中华联合保险集团股份有限公司
1280,北京市昌平区北清路8号～三一重工北京总部,三一集团
1282,北京市海淀区学院路15号北京语言大学综合楼5层,科大讯飞股份有限公司
1283,,网易（杭州）网络有限公司
1284,北京市朝阳区酒仙桥东路1号M5楼（公司有班车）,北京世纪互联宽带数据中心有限公司
1292,北京市海淀区蓝靛厂东路2号院金源时代商务中心2号楼A座3层,北京恒光信息技术股份有限公司
1294,海淀区搜狐媒体大厦,搜狐视频
1295,北京世纪财富中心,绫致时装（天津）有限公司
1296,北京市海淀区科学院南路2号院3号楼搜狐媒体大厦,搜狐视频
1297,海淀区中关村丹棱街甲1号互联网金融中心17层,有利网
1301,朝阳区远洋光华国际,同方鼎欣科技股份有限公司
1304,博兴一路8号金风科技,金风科技股份有限公司
1305,北京,阿里巴巴集团
1312,北京市海淀区丹棱街互联网金融中心一单元19层1901室,北京华拓金融服务外包有限公司
1315,北京亦庄经济技术开发区西环南路18号C座408,新博医疗技术有限公司
1316,北京市海淀区蓝靛厂东路2号院金源时代商务中心2号楼a座3c,北京恒光信息技术股份有限公司
1322,北京市海淀区复兴路29号中意鹏奥大厦东塔A座,福建星网锐捷网络有限公司
1335,北京市朝阳区大望路东方梅地亚中心,达飞微金商务咨询(北京)有限公司
1336,北京市朝阳区朝阳门南大街14号,中科软科技股份有限公司
1358,北京市经济技术开发区泰河三街1号,北京中电科电子装备有限公司
1359,北京市西城区复兴门内大街156号泰康人寿大厦A座,泰康养老保险股份有限公司
1360,乘地铁亦庄线至荣京东街站下车，向西800米即到或国贸乘坐846（区间快车）到天宝南街，再换乘运通115至地盛中路下车即到公司门前,和利时集团
1361,海淀区彩和坊路11号华一控股大厦10层,北京想就拿信息科技有限公司
1363,北京市海淀区西北旺东路10号院（中关村软件园二期）东区11号瑞斯康达大厦,瑞斯康达科技发展股份有限公司
1365,北京市海淀区清河朱房路66号顺事嘉业创业园E栋,北京小米通讯技术有限公司
1367,东城区北三环安贞桥东蓝宝商务大厦4层,北京网库信息技术股份有限公司
1368,海淀区,山东文辉软件服务外包有限公司
1369,北京市海淀区双清大厦,北京世纪互联宽带数据中心有限公司
1371,北京市海淀区彩和坊路11号华一控股大厦10层,北京想就拿信息科技有限公司
1372,北京市海淀区互联网金融中心A座402,北京想就拿信息科技有限公司
1377,朝阳区南湖中园316号思源大厦8层 ,北京思源互联科技有限公司
1378,北京市东城区西总布胡同46号 明阳国际中心B座,北京昆仑万维科技股份有限公司
1379,北京市海淀区东北旺南路57号,金瓜子科技发展(北京)有限公司
1381,北京市朝阳区酒仙桥北路恒通国际创新园C9,蓝色光标传播集团
1387,北京,大连斯锐信息技术有限公司
1394,北京市经济技术开发区科创六街亦庄生物医药园B1栋,安诺优达基因科技（北京）有限公司
1404,北京海淀区安宁庄东路72号科利源大厦西门,北京小米通讯技术有限公司
1406,北京市海淀区上地创业路2号；成都市武侯区,新华三技术有限公司
1414,北京市海淀区学院路40号,兴唐通信科技有限公司
1426,北京市西城区宣武门西大街32号中国移动博瑞琪大厦。,神州数码系统集成服务有限公司深圳分公司
1427,北京市海淀区西四环中路16号院7号楼16层,航天云网科技发展有限责任公司
1429,长椿街移动集团,神州数码系统集成服务有限公司深圳分公司
1430,北京市,中科软科技股份有限公司
1432,北京市朝阳区朝外大街乙12号13层O-1612B ,贝壳金控控股集团有限公司
1458,北京市海淀区知春路7号致真大厦C座11层,欢聚时代（多玩YY）
1468,曼宁国际中心,北京摩拜科技有限公司
1470,北京朝阳区酒仙桥北路7号电通创意广场1B梦想城堡,梦想城堡(天津)电子商务有限公司北京分公司
1474,北京市西城区宣武门西大街129号金隅大厦,新华网股份有限公司
1475,招商局大厦,泰禾(福建)集团有限公司
1477,北京市海淀区首体南路168号腾达大厦裙楼,易车公司
1481,北京市海淀区丹棱街3号中国电子大厦B座,汽车之家
1483,北京市海淀区百度科技园,百度在线网络技术(北京)有限公司
1488,北京大兴区亦庄经海路京东总部,北京京东世纪贸易有限公司
1490,北京,上海蔚来汽车有限公司
1497,北京市海淀区中关村软件园二期互联网创新中心,北京恒昌利通投资管理有限公司
1499,海淀区北清路中关村环保科技示范园地锦路8号院 C2栋1楼,中软国际科技服务有限公司深圳分公司
1507,北京市朝阳区望京广顺南大街利星行中心E座,优信集团
1519,北京朝阳区工体北路盈科中心B座,北京科锐国际人力资源股份有限公司
1521,朝阳区太阳宫中路12号冠城大厦10层,便利蜂商贸有限公司
1525,北京市朝阳区安贞路安贞西里五区一号楼新华金融大厦3层,美菜网
1527,海淀区首体南路新世纪日航饭店写字楼,易鑫集团
1533,北京市,达内时代科技集团有限公司
1538,海淀区首体南路6号新世纪日航饭店写字楼9层,易鑫集团
1544,北京市海淀区百度科技园,中软国际科技服务有限公司深圳分公司
1549,北京市海淀区北四环西路58号理想国际大厦,新浪网
1553,海淀区北清路中关村环保科技示范园地锦路8号院 C2楼,中软国际科技服务有限公司深圳分公司
1560,北京市海淀区丹棱SOHO16层,北京世纪好未来教育科技有限公司
1562,北京市海淀区杏石口路99号AB座,亿阳信通股份有限公司
1586,北京市海淀区中关村软件园互联网创新中心五号楼,北京恒昌利通投资管理有限公司
1589,北京市海淀区中关村软件园二期互联网创新中心3层,北京恒昌利通投资管理有限公司
1599,顺义马坡,软通动力信息技术(集团)有限公司
1610,北京市海淀区龙翔路甲1号泰翔商务楼4F,中科创达软件股份有限公司
1613,北京市海淀区清华科技园,启迪控股股份有限公司
1616,,深圳腾讯计算机系统有限公司
1618,北京市海淀区软件园二期产业联盟大厦,同方鼎欣科技股份有限公司
1626,北京市海淀区知春路7号致真大厦B座18层,展讯通信(上海)有限公司
1631,北京市朝阳区百子湾西里401号,中国电信股份有限公司北京分公司
1645,电子大厦,汽车之家
1647,海淀区软件园二期产业联盟大厦,同方鼎欣科技股份有限公司
1651,海淀区中关村软件园二期互联网创新中心,三一集团
1658,北京市朝阳区达美中心,北京大米科技有限公司
1668,北京市东城区雍和宫藏经馆胡同2号院圣唐古驿创意园,图谱天下(北京)科技有限公司
1669,北京市朝阳区,途家网网络技术(北京)有限公司
1671,北京市昌平区中关村生命科学园泰康创新中心,泰康保险集团股份有限公司
1674,北京市昌平区科学园路21-1号泰康人寿创新中心（有班车接送）,泰康在线财产保险股份有限公司
1676,北京朝阳区东大桥路光华路SOHO二期C座1601,北京梦疆咨询有限公司
1678,北京市东城区雍和大厦E座9层,北京大米科技有限公司
1681,北京市朝阳区酒仙桥路13号院,途家网网络技术(北京)有限公司
1682,北京市海淀区,深圳市商汤科技有限公司
1684,北京市海淀区中关村上地软件园南,北京八维教育集团 
1685,北京市朝阳区酒仙桥路13号院148楼5层,途家网网络技术(北京)有限公司
1688,北京市朝阳区望京,北京物云智能科技有限公司
1690,北京市海淀区苏州街3号大恒科技大厦南座17层,北京乐学创想教育科技有限公司
1694,北京市朝阳区光华里8号院中海广场南楼6层,北京爱钱帮财富科技有限公司
1698,北京市东城区东直门,北京腾云天下科技有限公司
1700,北京市海淀区中关村南大街5号北京理工大学国防科技园5号楼17层,成都数联铭品科技有限公司
1701,中关村南大街5号北京理工大学国防科技园5号楼17层,成都数联铭品科技有限公司
1712,北京市西城区宣武门外大街28号富卓大厦A座9层,安心财产保险有限责任公司
1713,北京市海淀区科学院南路2号融科资讯中心A座3层,旷视科技face++
1714,北京市海淀区知春路翠宫饭店写字楼8、10、11、12、14层,北京国双科技有限公司
1716,北京市东城区和平里西街51号雍和宫壹中心A4楼3层,游族网络
1720,北京市丰台区国投财富广场6号楼820室,河北源达证券投资顾问股份有限公司
1727,北京海淀区王庄路1号清华同方科技广场B座27层,北京辰安科技股份有限公司
1728,北京市朝阳区北辰西路8号院2号楼北辰世纪中心A座16层  ,北京百分点信息科技有限公司
1729,北京市昌平区科技园区生命园路4号院5号楼,北京贝瑞和康生物技术有限公司
1731,北京市昌平区生命科技园生命路4号院4号楼7层,北京康普森生物技术有限公司
1734,北京市昌平区派尔特国际中心3层,云唯+
1735,北京市海淀区中关村环保园地锦路5号院3号楼百卓大厦,北京百卓网络技术有限公司
1740,上海市虹口区柳营路8号K座101室,途家网网络技术(北京)有限公司
1742,河北省秦皇岛市海港区新建村3栋2单元202号,秦皇岛康研网络科技有限公司
1743,北京市朝阳区傲城荣富中心B座2304,游族网络
1746,北京市西城区宣外大街6号庄胜广场西翼816,因诺(上海)资产管理有限公司
1747,北京市东城区朝阳门内大街银河sohoA座10层,北京捷越联合信息咨询有限公司
1755,北京市朝阳区北辰西路8号院2号楼北辰世纪中心A座16层,北京百分点信息科技有限公司
1756,北京市朝阳区安立路60号润枫商务B座24层,玩咖欢聚文化传媒(北京)有限公司
1757,海淀马连洼,百望股份有限公司
1758,丰台区国投财富广场5号楼304室,芯联达信息科技(北京)股份有限公司
1760,朝阳区京顺东街6号院9号楼,北京贝瑞和康生物技术有限公司
1761,北京海淀区知春路希格玛A座602,北京人合创咨询有限公司
1762,北京市海淀区西小口路66号中关村东升科技园 B-6号楼A座十层简理财,简理财
1767,总部地址：海淀区首体南路22号国兴大厦11层；,北京国信创新科技股份有限公司
1768,北京昌平区回龙观镇田园风光雅园2期3层  地铁8号线平西府D3出口即到,北京翡翠教育科技有限公司昌平分公司
1770,北京市朝阳区望京soho,北京所问数据科技有限公司
1774,北京市东城区和平里东滨河路乙1号航星科技园8号楼8层,海航云商投资有限公司
1775,北京市通州区中关村科技园区通州园光机电一体化产业基地兴光五街8号李宁运营园区,李宁（中国）体育用品有限公司
1777,北京市朝阳区太阳宫中路8号冠捷大厦18层,蜜芽宝贝(北京)网络科技有限公司
1780,北京市东城区崇文门新世界中心写字楼A座,中海微银资产管理有限公司
1783,海淀区融科资讯A座3层,旷视科技face++
1785,北京市西城区新街口外大街28号普天德胜C座209室,北京海客瀛洲网络科技有限公司
1790,北京市朝阳区西大望路甲12号通惠国际传媒广场2号楼106,北京勤诚互动广告有限公司
1792,北京市石景山区,北京腾趣互娱网络科技有限公司
1793,北京昌平生命科学园4号院5号楼,北京贝瑞和康生物技术有限公司
1796,北京市朝阳区望京街10号望京SOHO1号楼B座2807室,北京升哲科技有限公司
1799,北京市朝阳区惠河南街国粹苑C座1031-1040,凯泰铭科技(北京)有限公司
1800,北京市东城区朝阳门北大街8号富华大厦D座4层B室,彪洋科技(北京)有限公司
1801,北京市-朝阳区小营路房地置业大厦908,北京盈禾优仕科技有限责任公司
1803,北京市昌平区生命科学园博雅CC5号院5号楼,北京贝瑞和康生物技术有限公司
1805,北京市朝阳区东大桥路8号尚都国际中心A座2608室,东方银谷(北京)投资管理有限公司
1808,北京市朝阳区光华路14号中国中期大厦A座,中国国际期货股份有限公司
1809,北京市朝阳区光华里8号院中海广场南楼6层,西藏方程汽车租赁有限责任公司北京咨询分公司
1811,北京市海淀区中关村东路118号 100098,神州优车集团
1812,海淀区知春路12号泰跃商务中心,北京玩乐付科技有限公司
1815,公司名称：北京市外商投资企业服务中心公司地址：富华大厦F座 传真：65542927公司主页：,北京市外商投资企业服务中心
1818,北京市海淀区龙翔路甲1号泰翔商务楼五层507、508室,柚子(北京)移动技术有限公司
1824,北京市朝阳区北辰西路中国科学院遗传与发育生物学研究所,北京迪安捷生物科技有限公司
1828,北京市昌平区北七家宏福创业园修正大厦3层,江苏传智播客教育科技股份有限公司北京分公司
1841,北京市海淀区上地十街1号院东6号楼457,北京翼聚源软件科技有限公司
1846,北京市海淀区海淀东三街2号新东方南楼18层,北京新东方迅程网络科技股份有限公司
1856,北京市东城区东直门外大街39号院京投快轨大厦608室,北京腾云天下科技有限公司
1857,北京市朝阳区三里屯机电4号院 80office 三层,北京冰狮科技有限公司
1860,北京市海淀区学清路 学清嘉创大厦1206室,乐惠(北京)科技有限公司
1861,北京市丰台区三路居路107号7号楼,北京城建智控科技有限公司
1863,北京嘉诚瑞杰信息技术有限公司,北京嘉诚瑞杰信息技术有限公司
1864,北京市昌平区回龙观金域国际中心B座10层,上海清鹤科技股份有限公司
1865,北京市朝阳区太阳宫中路16 号院 冠捷大厦12 层西侧 ,北京云知声信息技术有限公司
1869,北京市朝阳区 北四环外 健翔桥北安翔北里（鸟巢西侧）甲11号创业大厦2层,中科宇图科技股份有限公司
1870,北京市朝阳区朝外大街吉庆里6号佳汇国际中心B座17层,中胜信用管理有限公司
1872,北京市朝阳区北四环中路27号盘古大观写字楼A座6层,北京和创未来网络科技有限公司
1873,海淀区上地三街9号金隅嘉华大厦B座711,北京众和永业科技发展有限公司
1875,北京市丰台区榴乡路88号石榴中心2号楼18层,北京首证投资顾问有限公司
1878,北京市海淀区正福寺10号,江山永泰投资控股有限公司
1880,东城区银河SOHOD座,浙江同牛网络科技有限公司
1884,北京市朝阳区三间房东路1号懋隆文化产业创意园B座西侧1层,成都我来啦网格信息技术有限公司
1885,北京市亦庄开发区地盛西路1号数码庄园,世华万向资讯(北京)有限公司
1886,北京市朝阳区望京街10号望京SOHO1号楼B座2807室,北京梦疆咨询有限公司
1887,北京朝阳区亮马桥路50号燕莎中心写字楼S125,北京鑫根投资管理有限公司
1888,北京市朝阳区霄云路26号鹏润大厦,国美金控投资有限公司
1892,北京市朝阳区北四环东路108号千鹤家园1号楼502,森纵艾德（北京）教育科技股份有限公司
1897,"朝阳区红军营南路,汇中广场三层",北京闲徕互娱网络科技有限公司
1900,北京市海淀区彰化南路美丽园中路16号院5号楼裕友大厦515室,南京国睿信维软件有限公司
1904,北京市西城区北京市西城区宣武门外大街富卓大厦,金融界网站
1906,北京市大兴区生物医药产业基地庆丰西路27号,北京诚益通控制工程科技股份有限公司
1908,北京市海淀区中关村软件园23号楼307,北京嘉楠捷思信息技术有限公司
1910,北京市,中移物联网有限公司
1917,北京市海淀区学院南路12号北师大科技园学创大厦7层,联动优势科技有限公司
1920,北京市海淀区苏州街维亚大厦3层,去哪儿网平台事业部
1922,浙江省杭州市西湖区西斗门路6号,浙江贝尔技术有限公司
1925,北京市,中国国新控股有限责任公司
1926,北京市海淀区搜狐媒体大厦,搜狐视频
1938,北京市海淀区学院路40号,大唐电信无线移动创新中心
1941,成都、北京,深圳市长亮科技股份有限公司
1947,北京、郑州,新华三技术有限公司
1948,海淀西土城,北京中熙正保远程教育技术有限公司
1955,国航世纪大厦,包商银行股份有限公司
1957,曼宁国际大厦,北京摩拜科技有限公司
1964,海淀区中关村东路118号,神州优车集团
1965,北京市海淀区中关村东路118号 神州优车集团总部基地,神州优车集团
1972,北京市海淀区西直门北大街甲43号金运大厦B座1508,浙江大华技术股份有限公司
1974,北京朝阳区建国门外大街甲8号北京IFC大厦A座40层,北京复华旅游文化发展有限公司
1978,联通云数据有限公司,联通云数据有限公司
1981,北京,联通云数据有限公司
1990,北京市西城区德胜门外大街117号天音通信1层,天音通信控股股份有限公司北京分公司
1991,北京市海淀区科学院南路2号院融科资讯中心3号楼搜狐媒体大厦,搜狐汽车
1996,北京市海淀区,搜狐视频
1997,北京,中信百信银行股份有限公司
1998,东四十条甲22号南新仓国际大厦A座,诚迈科技（南京）有限公司
1999,北京市海淀区丹棱街3号中国电子大厦B座17层,去哪儿网旅游度假事业部
2000,北京望京思源大厦8层,北京思源互联科技有限公司
2005,北京市海淀区花园东路19号中兴大厦15层,中兴通讯股份有限公司
2007,北京四号线动物园,大连斯锐信息技术有限公司
2008,北京市朝阳区酒仙桥恒通国际创新园C9,蓝色光标传播集团
2012,北京市东城区朝阳北路9号东方文华大厦,中信百信银行股份有限公司
2013,北京市朝阳区望京南湖中园思源大厦9层,北京思源互联科技有限公司
2018,北京市大兴区西环中路12号（核心能力大楼）,京东方科技集团
2024,北京,联动优势科技有限公司
2030,海淀区八维研修学院5号科技楼,金瓜子科技发展(北京)有限公司
2041,北京市海淀区苏州街29号院18号楼维亚大厦,去哪儿网大住宿事业部
2046,海淀区杏石口路甲18号,航天信息股份有限公司
2047,北京,航天信息股份有限公司
2055,北京市东城区东四北大街168号中文万维,北京中文万维科技有限公司
2061,北京市昌平区科技园区生命园路4号院5号楼8层801,北京贝瑞和康生物技术有限公司
2062,北京市昌平区生命科学园路18号,博奥生物集团有限公司
2065,北京市石景山区杨庄路70号院公社1958创意园5号楼1-2层,北京雅林士博建筑工程有限公司
2066,北京市东城区东中街46号鸿基大厦4层,北京博睿宏远数据科技股份有限公司
2070,北京市丰台区洋桥12号天路蓝图大厦,拓天伟业(北京)资产管理集团有限公司
2071,北京市北京经济技术开发区经海四路156号院经海产业园A3-2号楼5层,北京旌准医疗科技有限公司
2073,北京朝阳区亮马桥路50号燕莎中心写字楼,北京鑫根投资管理有限公司
2077,北京市朝阳区湖景东路7号下沉花园B1-101,上海享学网络科技有限公司北京分公司
2078,柏彦大厦,北京国通合众信息技术有限公司
2079,北京市朝阳区慧忠里卧龙小区别墅区219栋东单元,北京微播易科技股份有限公司
2080,望京科技创业园西区A座四层南侧 ,北京中软智信科技有限公司
2081,丰台北路18号恒泰中心D座12层,沣邦融资租赁(上海)有限公司
2083,北京市朝阳区团结湖南里15号恒祥大厦一层,中科柏诚科技(北京)股份有限公司
2084,河北廊坊开发区,新奥集团股份有限公司
2086,北京市朝阳区东三环中路20号乐成中心A座25层,冠诚(北京)信息服务有限公司
2090,北京市海淀区上地信息路26号中关村创业大厦1004室,北京融信数联科技有限公司
2091,北京市海淀区东北旺西路8号中关村软件园7号信威大厦,北京信威通信技术股份有限公司
2092,北京市海淀区暂安区甲二号,知豆电动汽车有限公司
2093,朝阳区大黄庄路35号铭基国际创意公园D座01,北京奇树有鱼文化传媒有限公司
2094,北京市海淀区苏州街29号维亚大厦17层,去哪儿网金融事业部
2097,希格玛大厦,北京梦疆咨询有限公司
2098,北京海淀区融科大厦,成都尼毕鲁科技股份有限公司
2099,北京市朝阳区酒仙桥路14号兆维工业园C2-2,云像(上海)数字技术有限公司北京分公司
2100,北京市朝阳区北三环东路8号静安中心21层,北京当当科文电子商务有限公司
2110,北京朝阳区广顺北大街33号望京福码大厦A座1501-1,北京慧据科技产业发展有限公司
2112,北京市东城区银河sohoB座12层,花生好车
2113,北京市朝阳区酒仙桥北路甲10号院205号楼,东芝医疗系统(中国)有限公司
2114,北京市朝阳区工人体育场北路三里屯SOHO-A座3层,北京青蚨资产管理有限公司
2115,北京市海淀区清华科技园科技大厦C座16楼,深圳市商汤科技有限公司
2118,北京,南京唯实科技有限公司
2129,西单置地星座A座,中软国际科技服务有限公司深圳分公司
2134,北京市海淀区花园北路35号9号楼4层401,美因健康科技(北京)有限公司
2135,海淀区苏州街长远天地大厦A1座202室,北京快方科技有限公司
2136,北京市朝阳区高碑店金家村中街8号花园里文创园C座C3001,北京华巨东方文化传媒有限公司
2137,西城区白纸坊东街经济日报社综合楼，地铁4号线陶然亭站D口,北京创金启富投资管理有限公司
2139,北京市西城区白纸坊东街2号经济日报社A座综合楼,北京创金启富投资管理有限公司
2140,北京市海淀区中关村南大街34号中关村科技发展大厦C座16层,北京北信源软件股份有限公司
2142,北京市西城区西直门外大街金贸大厦C2座805,宽拓(北京)科技有限公司
2150,北京市朝阳区,包商银行股份有限公司
2153,北京市海淀区上地东路9号得实大厦5层北区1号,北京畅聊天下科技股份有限公司
2155,北京市海淀区农大南路88号院1号楼万霖大厦2层,北京小易到家电子商务有限公司
2165,北京市海淀区宝盛南路1号院奥北科技园领智中心A座,北京掌众科技有限公司
2166,北京,苏宁云商集团股份有限公司
2175,北京朝阳区,深圳善为影业股份有限公司
2177,北京市西城区车公庄五栋大楼C座10层,北京云房数据技术有限责任公司
2179,北京市朝阳区广渠路38号楼北京一轻大厦3层 ,北京友友天宇系统技术有限公司
2190,北京/石家庄,北京北大千方科技有限公司
2192,北京市海淀区学院路35号世宁大厦1302室,思博伦通信科技（北京）有限公司
2193,中国电子大厦B座7层,环球合一网络技术(北京)股份有限公司
2194,北京市西城区金融大街5号新盛大厦B座8层,恒宝股份
2195,北京市朝阳区望京SOHO塔1A座1012,中益善源(北京)科技有限公司
2197,石家庄,北京北大千方科技有限公司
2198,北京市海淀区紫竹院路116号嘉豪国际中心C座907,北京必浩得知识产权代理有限公司
2199,北京市石景山区石景山路乙18号万达广场B座国际资源大厦5层,国广星空视频科技(北京)有限公司
2202,海淀区北洼路4号益泰大厦3层,绿盟科技
2203,北京市海淀区,北京云币科技有限公司
2211,北京市海淀区北四环西路9号银谷大厦7层702,北京中科虹霸科技有限公司
2216,河南省郑州市郑东新区商务外环路23号中科大厦 ,河南中原消费金融股份有限公司
2228,北京市海淀区车公庄西路19号外文文化创意园9号楼三层,北京中投科信电子商务有限责任公司
2235,北京市朝阳区通惠河畔文化创意产业园1131号君天大厦六层(100023),北京亿美软通科技有限公司
2241,北京市朝阳区望京SOHO 塔三B座4301,北京知识印象科技有限公司
2245,顺义区空港工业园区融慧园6号楼B座6层,北京百悟科技有限公司
2246,北京市海淀区中关村大街27号中关村大厦12层,智慧互通科技有限公司
2249,北京市朝阳区崔各庄东辛店339号 德师傅奔驰服务体验中心 车和家研发中心,北京车和家信息技术有限责任公司
2250,北京市海淀区学院路39号唯实大厦6层,网宿科技
2251,北京市昌平区中关村生命科学园8号北大医疗产业园14号楼3层,赛纳生物科技(北京)有限公司
2252,北京市顺义区空港工业区B区融慧园6号楼,北京百悟科技有限公司
2255,北京市朝阳区四惠大厦3001E,米袋子信息技术(北京)有限公司
2258,海淀区西北旺东路10号院东区10号楼新兴产业联盟大厦4层4-15室,北京微网通联股份有限公司
2260,北京市海淀区中关村软件园2号楼A座2101,北京捷通华声科技股份有限公司
2271,北京市北京经济技术开发区科创十三街18号院5号楼13层1301室,鳌背(北京)科技有限公司
2272,北京市海淀区知春路6号锦秋国际大厦B702,北京优炫软件股份有限公司
2273,北京市朝阳区东三环北路1号中国旅贸大厦4层421,北京和气聚力教育科技有限公司
2274,奥北科技园领智中心,北京掌众科技有限公司
2281,朝阳区芍药居甲2号院芍药居综合楼3层,天津市国瑞数码安全系统股份有限公司北京办事处
2282,北京市朝阳区来广营高科技产业园创达三路1号院1号楼东方国信大厦,北京东方国信科技股份有限公司
2288,北京市朝阳区利泽中园二区208号开天创世,北京开天创世科技有限公司
2289,"北京, 武汉",东华软件股份公司
2290,北京市中关村苏州街银科大厦,九五太维资讯有限公司
2292,北京市朝阳区光华路8号和乔大厦B座508,北京金谷财行投资管理有限公司
2302,北京市海淀区北清路中关村生命科学园博雅CC11号楼7层,北京联创信安科技股份有限公司
2308,北京市丰台科技园,上融网络科技(北京)有限公司
2310,北京、济南,东华软件股份公司
2313,北京市朝阳区惠河南街国粹苑C座,凯泰铭科技(北京)有限公司
2315,北京朝阳区慧忠路远大中心B座22层,武汉元光科技有限公司
2316,北京经济技术开发区荣华中路22号亦城财富中心B座11层 ,达疆网络科技(上海)有限公司
2317,北京市朝阳区望京来广营东方国信大厦6层,北京东方国信科技股份有限公司
2318,朝阳区建外大街1号国贸西楼,中国国际金融股份有限公司
2321,北京市朝阳区霄云路28号网信大厦A座,先锋支付有限公司
2323,北京市海淀区东北旺西路8号尚东数字山谷37号楼5层,北京华信傲天网络技术有限公司
2324,北京市朝阳区朝外大街22号泛利大厦502室,明亚保险经纪股份有限公司
2325,北京市海淀区车公庄西路乙19号外文文化创意园12A号楼3层,天职工程咨询股份有限公司
2328,北京市朝阳区容达路与紫月路交汇处中国电科太极大厦,太极计算机股份有限公司
2329,北京市海淀区知春路 致真大厦19层,紫光云数科技有限公司
2330,北京市海淀区上地三街9号A612号,北京新商界网络科技集团有限公司
2331,北京市海淀区东北旺西路8号中关村软件园21号启明星辰大厦,北京启明星辰信息安全技术有限公司
2332,北京市西城区广安门内大街311号祥龙商务大厦,国网电子商务有限公司
2333,北京市朝阳区光华Soho,Gofun出行-首汽共享汽车
2336,金台西路2号人民日报社新媒体大楼17层,北京人民在线网络有限公司
2337,北京市朝阳区东四环中路远洋国际中心D座803室,联信弘方(北京)科技股份有限公司
2339,北京市朝阳区望京,诺威华仕(北京)管理咨询有限公司
2340,北京市朝阳区霞光里（路）9号中电发展大厦A座8层,尚智逢源(北京)基金销售有限公司
2341,北京市东城区东四南大街礼士胡同54号,中诚信征信有限公司
2343,丰台科技园汉威国际,信和汇诚信用管理(北京)有限公司
2344,北京市海淀区东北旺西路8号中关村软件园10号楼206,北京捷通华声科技股份有限公司
2345,北京海淀区西三环北路甲二号院中关村国防科技园2号楼,北京奥鹏远程教育中心有限公司
2347,北京市西城区金融大街4号,北京纵横盛世软件有限公司
2348,北京市海淀区五道口暂安处甲2号,知豆电动汽车有限公司
2349,亿城国际中心7层（北京市海淀区上地马连洼北路59号）,百望股份有限公司
2350,北京市海淀区,诺威华仕(北京)管理咨询有限公司
2352,北京市朝阳区青年路达美中心T4栋15层,北京华喜创科科技有限公司
2355,北京市海淀区北四环中路211号太极大厦13、14层,中电科技(北京)有限公司
2356,北京市朝阳区光华路4号东方梅地亚中心C座1001,智惠信息咨询（北京）有限公司
2358,北京经济技术开发区荣华南路2号大族广场T5六层 洪泰大族创新空间,北京吉星众创网络科技有限公司
2359,北京市朝阳区东三环北路甲26号博瑞大厦1608室,北京量子金服网络科技有限公司
2361,北京市朝阳区建国门外大街6号安邦金融中心B座10层,大连信雅达软件有限公司北京办事处
2362,北京市朝阳区安定路39号长新大厦10层,国联资产管理有限公司
2365,北京市海淀区清华科技园,北京华宇信息技术有限公司
2366,北京市东城区东直门南大街6号中纺大厦,北京图为先科技有限公司
2371,海淀区北四环信息路18号上地创新大厦,北京金山云网络技术有限公司
2375,朝阳区东三环北路甲26号博瑞大厦6、7层,宝宝树(北京)信息技术有限公司
2376,北京,北京浩然五洲软件技术有限公司
2377,北京朝阳区建国门外大街8号,纬创软件wistron
2378,北京市海淀去杏石口路益园文化创意产业基地C区5号楼三层,北京航天宏图信息技术股份有限公司
2379,北京市丰台区郭公庄中街北京方向A座房天下大厦,北京搜房互联网信息服务有限公司
2381,牡丹园泰兴大厦407,北京小川在线网络技术有限公司
2382,北京市朝阳区建国路77号华贸中心3座,北京博宇新光投资有限公司
2384,北京市丰台区郭公庄中街20号院A座,北京搜房互联网信息服务有限公司
2387,地铁九号线郭公庄站D口北京方向A座,北京搜房互联网信息服务有限公司
2389,北京市朝阳区建国路甲92号世茂大厦C座5层,和信丰泽投资担保(北京)有限公司
2390,北京市海淀区宝盛南路1号奥北软件园19号楼,随锐科技股份有限公司
2393,北京市昌平区东小口镇中东路398号院1号楼7层,海鸿达(北京)餐饮管理有限公司
2394,西直门方圆大厦,北京天宇正清科技有限公司
2396,北京市海淀区黑泉路宝盛广场C座4层,国网电力科学研究院北京科东电力控制系统有限责任公司
2398,北京市西城区车公庄大街4号新华1949文化创意园33栋一层,网智天元科技集团股份有限公司
2399,北京市宣武区庄胜广场中央办公楼南翼8层,北京联龙博通电子商务技术有限公司
2400,北京市石景山万达广场d座,华信永益(北京)信息技术有限公司
2403,工作地点：北京市西城区德外大街合生财富广场14楼,大连信雅达软件有限公司北京办事处
2406,北京市亦庄经济技术开发区（地铁亦庄线万源街地铁站B2出口往南200米）,北京天空卫士网络安全技术有限公司
2409,北京市东城区小牌坊胡同甲7号“银河soho”A座11层,凡普金科企业发展(上海)有限公司
2411,北京市朝阳区望京SOHO 2号塔楼A座11层,北京两只老虎电子商务有限公司
2412,北京市海淀区科学院南路2号融科资讯C座20F,百融金融信息服务股份有限公司
2413,北京市朝阳区酒仙桥中路24号院1号楼878东区7、8层,北京零点有数数据科技股份有限公司
2414,北京市朝阳区北四环四元桥宜家办公楼3层,博洛尼家居装饰(北京)有限公司
2417,北京市昌平区中关村生命科学园创新大厦,北京希望组生物科技有限公司
2418,北京经济技术开发区科创十四街五号院,四达时代集团
2420,北京市海淀区上地,北京鼎泰智源科技有限公司
2421,北京市海淀区北清路156号中关村环保科技示范园地锦路7号院9号楼竞业达大厦,北京竞业达数码科技有限公司
2425,北京市朝阳区霄云路26号鹏润大厦B座21层,国美在线电子商务有限公司
2426,北京市海淀区大柳树路17号富海国际港5层,北京万里红科技股份有限公司
2449,北京市宣武门外大街28号富卓大厦A座4层,北京互联新网科技发展有限公司
2452,北京市东城区东直门外大街46号天恒大厦A座12层1208室,北京集奥聚合科技有限公司
2461,北京市朝阳区光华soho,Gofun出行-首汽共享汽车
2465,昌平区龙域北街金域国际中心B座,蜂网供应链管理(上海)有限公司
2466,北京市朝阳区东三环中路1号北京环球金融中心东塔5层511,悠易互通(北京)广告有限公司
2467,东方科技园-氪空间，酒仙桥路52号院1号楼B座2层202,河北志晟信息技术股份有限公司
2470,河北省石家庄,北京启明星辰信息安全技术有限公司
2475,北京市丰台区丰台科技园ABP写字楼圆楼,国信优易数据有限公司
2476,北京市昌平区北七家未来科技城,中软信息系统工程有限公司
2477,北京市海淀区知春路致真大厦16层（西土城A口出）,北京华信杰通科技有限公司
2486,北京市海淀区永丰南路与北清路交汇处四维图新大厦,北京图为先科技有限公司
2487,北京、长沙、西安、大连、盘锦,东华软件股份公司
2489,北京市海淀区中关村紫金数码园3号楼东华合创大厦,东华软件股份公司
2490,北京市朝阳区望京利泽中园101号启明国际大厦8层,蓝港在线(北京)科技有限公司
2494,北京建国门外大街1号国贸大厦2座28层,中国国际金融股份有限公司
2496,北京市海淀区北四环西路19号科电大厦,中国科学院电子学研究所信息技术创新工程中心
2501,北京市东城区东直门南大街5号中青旅大厦16层,中青博联整合营销顾问股份有限公司
2506,9号线丰台科技园附近,新余高新区金泰亚盛咨询有限公司
2516,北京市海淀区学院南路62号中关村资本大厦407,北京圣康汇金科技有限公司
2518,北京市朝阳区阜通东大街1号院望京soho塔三40层,玖富金科控股集团有限责任公司
2520,北京市海淀区丰秀中路3号院7号楼,中网数据(北京)股份有限公司
2521,北京市朝阳区阜通东大街1号院望京SOHO3号楼B座42层,北京麒麟合盛网络技术有限公司
2522,昌平区腾讯众创空间,北京奥索斯科技有限公司
2525,中国传媒大学,北京艾利艾互联网科技股份有限公司
2526,北京市朝阳区霄云路26号,国美控股集团有限公司
2530,北京海淀区五彩城朱房路100号,上海小蚁科技有限公司
2532,北京市朝阳区北苑路甲13号院北辰泰岳大厦1塔18层,北京新媒传信科技有限公司(中国移动飞信开发及运营机构)
2534,北京爱钱帮财富科技有限公司,北京爱钱帮财富科技有限公司
2536,北京市朝阳区阜通东大街1号院望京SOHO中心T3 A座17层,北京钱方银通科技有限公司
2538,北京市海淀区丰秀中路3号院4号楼210室,恒泰艾普(北京)云技术有限公司
2539,北京市望京摩托罗拉大厦,新智超脑科技有限公司
2540,北京是朝阳区酒仙桥恒通商务园,亚创博彦(北京)科技有限公司咸阳办事处
2542,北京市海淀区王庄路1号清华同方科技广场D座,万库标杆科技有限公司
2546,北京市海淀区上地信息路1号院国际科技创业园A栋3层,北京精友时代信息技术发展有限公司
2551,北京经济技术开发区科创六街（北京亦庄生物医药园B2栋）,安诺优达基因科技(北京)有限公司
2555,北京市海淀区科学院南路2号融科资讯中心B座12层,Pivotal 毕威拓科技（北京）有限公司
2557,北京市海淀区上地软件园南路57号八维研修学校6号科技楼,北京斗米优聘科技发展有限公司
2558,北京市朝阳区西大望路甲12号（国家广告园）主楼AB栋二层,北京乐语世纪科技集团有限公司
2562,北京市海淀区万柳东路新起点嘉园12-2005,北京航天光达科技有限公司
2563,北京市朝阳区建国路92号世茂大厦C座13层,和信电子商务有限公司
2565,北京市丰台区南四环丰台科技园,信和汇诚信用管理(北京)有限公司
2578,北京市丰台区南四环西路186号一区1号楼3层20室,北京商高科技有限公司
2592,北京市朝阳区北苑路甲13号院1号楼22层,北京神州泰岳软件股份有限公司
2593,安定门（中交建）,北京奥索斯科技有限公司
2597,北京市东城区白桥大街15号嘉禾国信大厦s座6F,北京天神互动科技有限公司
2599,北京市西城区金融大街4号金益大厦,中软国际ETC
2602,北京市朝阳区建国路93号院万达广场A座1901,中鸿基控股有限公司
2604,北京市海淀区宝盛南路奥北科技园25号楼（独栋写字楼）,北京比特大陆科技有限公司
2605,北京市朝阳区东三环北路乙2号海南航空大厦A座7层,北京网利科技有限公司
2606,公司总部地址：北京经济技术开发区西环中路6号（100176）,北京久其软件股份有限公司
2607,北京市朝阳区望京SOHO T1-B-120706,北京品冠天成科技有限公司
2609,北京市海淀区海淀大街3号鼎好大厦B座9层,北京知行锐景科技有限公司
2615,北京海淀区中关村丹棱街18号创富大厦8层808,北京亚康环宇科技有限公司
2637,北京市朝阳区望京SOHO 塔三A座21,北京知识印象科技有限公司
2657,北京市朝阳区酒仙桥路10号星城国际大厦C座16层,飞鹤乳业
2658,北京市朝阳区工人体育场北路4号院凯富大厦3层,中融民信资本管理有限公司
2660,北京市海淀区上地东路1号华控大厦  北京天融信,北京天融信科技有限公司
2663,北京丰台区南四环西路186号 汉威国际广场4号楼2-6层,北京海鑫科金高科技股份有限公司
2674,北京市朝阳区农展馆南路13号瑞辰国际中心11层1107,北京互连众信科技有限公司
2687,北京海淀中关村南36号湖北大厦,象翌微链科技发展有限公司
2691,北京市朝阳区光华路9号SOHO,深圳索信达数据技术股份有限公司
2692,北京市 东城区 圣唐古驿文化创意园 2号,恒信东方文化股份有限公司
2693,朝阳区望京东路8号锐创国际大厦1号楼2层 ,汉柏科技有限公司
2696,北京朝阳区望京东路8号锐创国际大厦1号楼2层,汉柏科技有限公司
2697,北京市朝阳区朝外大街甲6号万通中心D座10层,易宝支付有限公司
2701,北京市海淀区学清路38号金码大厦B座21层,北京诺禾致源科技股份有限公司
2702,北京市朝阳区安翔北里11号 石油化工干部管理学院分院（苇子坑、306医院对面）,极晨智道信息技术（北京）有限公司
2704,北京海淀区丰秀中路3号院1号楼,北京辰安科技股份有限公司
2708,北京石景山实兴大街30号西山汇（石景山科技园区）16号楼15-12层,随行付支付有限公司
2712,海淀区金山软件大厦,北京金山云网络技术有限公司
2713,北京亦庄经济技术开发区科创六街88号亦庄生物医药园C座,北京博奥晶典生物技术有限公司
2720,北京市海淀区大柳树17号富海大厦2号楼2层南区,中科金审(北京)科技有限公司
2721,北京市丰台区玉泉营111号中科万邦大厦,一诺银华集团
2724,北京市望京SOHO,北京麒麟合盛网络技术有限公司
2730,北京，深圳，上海，成都，合肥，武汉,联发科技股份有限公司
2732,北京市朝阳区望京SOHO，塔3，42层,北京麒麟合盛网络技术有限公司
2733,北京东城区和平里东街11号雍和航星园8号3层,海航生态科技集团有限公司
2735,北京市海淀区东北旺西路8号中关村软件园9号楼国际软件大厦E座一层、二层,北京海泰方圆科技股份有限公司
2736,北京市朝阳区望京东路1号摩托罗拉大厦 ,北京三才智者技术服务有限公司
2738,北京市海淀区中关村北二条13号中科科仪6号楼东门2-3层,东方瑞通（北京）咨询服务有限公司
2740,北京市朝阳区三元东桥京信大厦10层,北京互联新网科技发展有限公司
2741,北京市朝阳区酒仙桥北路甲10号电子城IT产业园107楼6层,北京超图软件股份有限公司
2742,北京市海淀区中关村大街 27 号中关村大厦 16 层,北京农信互联科技有限公司
2743,北京市昌平区回龙观国际信息产业基地3街3号,北京雪迪龙科技股份有限公司
2746,北京市朝阳区东三环北路丙2号天元港中心B座601,北京视通财富信息技术有限公司
2748,北京市海淀区宝盛南路1号院20#（园区东侧）楼5层,北京山石网科信息技术有限公司
2750,北京市光华路soho,Gofun出行-首汽共享汽车
2751,北京市朝阳区东大桥路9号,北京侨福置业有限公司
2752,北京市海淀区花园北路52号,中国信息通信研究院
2755,北京市亦庄经济技术开发区荣华路南路2号院大族广场T5-26层,北京登云美业网络科技有限公司
2763,北京市海淀区大钟寺东路9号京仪科技大厦孵化器大厦D座2层,恒安嘉新(北京)科技有限公司
2766,北京市朝阳区北苑路甲13号院2号楼北辰新纪元2-703,融易推网络技术(北京)有限公司
2772,北京市建国门北大街8号华润大厦8层,嘉实基金管理有限公司
2779,北京市东城区广渠门内大街45号雍贵中心D座11层,北京东软望海科技有限公司
2782,北京市海淀区中关村东路62号长城大厦18层,长城计算机软件与系统有限公司
2785,北京市海淀区上地六街17号康得大厦三层6314室BES研发中心,北京宝兰德软件股份有限公司
2786,北京市朝阳区光华路SOHO,Gofun出行-首汽共享汽车
2787,北京市海淀区蓝靛厂南路25号1幢嘉友国际大厦2层201室,北京明朝万达科技股份有限公司
2793,海淀区蓝靛厂东路2号金源时代商务中心B座10E,江河瑞通科技集团有限公司
2795,北京市,北京华宇信息技术有限公司
2796,北京市丰台区总部基地,北京国通合众信息技术有限公司
2800,北京市朝阳区八里庄西里100号住邦2000-2号楼东配楼506,达令心潮(北京)商贸有限公司朝阳分公司
2801,北京市西城区复兴门地铁站凯晨世贸中心,北京天宇正清科技有限公司
2822,北京市海淀区上地信息路18号上地创新大厦2层,北京方正世纪信息系统有限公司
2823,北京市大兴区西红门镇寿宝庄鸿坤金融谷1号楼,北京鸿坤伟业房地产开发有限公司
2825,北京昌平区北七家宏福创业园15号院,北京创昱科技有限公司
2827,北京市海淀区东北旺西路8号中关村软件园22号楼二层,中金金融认证中心有限公司
2828,北京西城区菜市口南大街平原里20-3,中金金融认证中心有限公司
2830,北京市,中国软件与技术服务股份有限公司
2834,北京市海淀区东北旺西路8号中关村软件园4号楼C座205,芯盾(北京)信息技术有限公司
2835,海淀区中关村东路一号院七号楼威盛大厦,北京兆芯电子科技有限公司
2840,北京市大兴区亦庄经济开发区景园北街2号58栋同仁堂健康大厦,北京同仁堂健康药业股份有限公司
2846,海淀区花园北路52号,中国信息通信研究院
2847,北京市海淀区北四环西路9号银谷大厦12B层,北京北大软件工程发展有限公司
2850,杭州市海创园（阿里巴巴附近）,北京慧博云通检测技术有限公司
2852,福建省泉州市丰泽区宝洲路299号（原行政执法局办公大楼）6楼,品尚电子商务有限公司
2856,北京市朝阳区霄云路鹏润大厦,国美金控投资有限公司
2859,北京市海淀区北四环西路67号中关村国际创新大厦11层,北京北大软件工程发展有限公司
2866,北京市海淀区西小口路66号中关村东升科技园北领地C7二层,新智认知数据服务有限公司
2867,北京市东城区银河SOHO C座8层802室,首约科技(北京)有限公司
2869,北京市朝阳区酒仙桥路52号院1号楼B座2层202,河北志晟信息技术股份有限公司
2870,北京市朝阳区来广营高科技产业园创达三路东方国信大厦,北京东方国信科技股份有限公司
2877,大连市中山区港兴路6号万达中心20层,北部资产经营股份有限公司
2884,北京市顺义区空港物流园区八街三号,北京宅急送快运股份有限公司
2886,北京市海淀区北太平庄18号城建大厦A座15层,中国华戎科技集团有限公司
2890,丰台科技园汉威国际,北京蓝信汇智科技有限公司
2894,成都-高新区,成都准星云学科技有限公司
2895,北京市朝阳区日坛路6号新族大厦10层,北京车行一六八信息技术有限公司
2901,上地中软关软件园,北京三才智者技术服务有限公司
2902,北京市东城区和平里东街11号院航星科技园4号楼,北京网秦天下科技有限公司
2904,北京市朝阳区阜安西路望京soho中心T3 A座15层,北京知道创宇信息技术有限公司
2905,北京市朝阳区酒仙桥北路7号电通时代广场三号楼A区,北京蓝汛通信技术有限责任公司
2907,北京市丰台区南四环西路186号,北京商高科技有限公司
2914,北京市西城区宣武门外大街甲一号环球财讯中心A座12层,中国经济信息社有限公司
2915,北京市丰台科技园总部基地17区17号楼,翼霖实业集团有限公司
2916,北京市海淀区万泉河路68号紫金大厦1801室,华宇金信(北京)软件有限公司
2918,北京市朝阳区霄云路26号鹏润大厦B座5层,国美控股集团有限公司
2919,北京大学校友会,硅谷汇(北京)软件技术有限公司
2920,朝阳区建国路89号华贸公寓商务楼4号楼305,北京登云美业网络科技有限公司
2921,北京市海淀区上地信息路22号上地科技综合楼B座五层,北京五岳鑫信息技术股份有限公司
2925,北京市海淀区中关村大街15-11号 中关村国际创客中心B1 E02,四开花园网络科技(天津)有限公司北京分公司
2931,北京市昌平区北清路生命科学园泰康,泰康保险集团股份有限公司
2933,北京市海淀区清华科技园创业大厦2层,梦燃教育科技(北京)有限公司
2943,北京海淀区上地七街国际创业园,上海兴畅网络技术股份有限公司
2951,北京市海淀区知春路北航致真大厦（10号线西土城）,网云易通(北京)科技有限公司
2957,北京市海淀区辉煌时代大厦,北京智慧星光信息技术有限公司
2958,中国北京清华大学微电子学研究所,清华大学微电子学研究所
2960,北京市朝阳区东三环中路1号环球金融中心西座6层,法国施维雅
2962,北京市海淀区北太平庄路18号城建大厦A座23层,北京泽塔云科技股份有限公司
2969,北京市朝阳区望京东路1号摩托罗拉大厦,上海开奈电子通讯有限公司
2970,北京市东城区西滨河路中海地产广场东塔205室,三二一(北京)科技有限公司
2975,北京市海淀区中关村大街27号中关村大厦9层,北京北大英华科技有限公司
2987,酒仙桥北路甲10号,北京超图信息技术有限公司
2989,北京市朝阳区利泽中二路2号望京科技创业园B座4层,北京康瑞德医疗器械有限公司
2995,北京朝阳区建国路77号华贸中心3座35层（地铁1号线大望路站A口即是）,阿拉丁控股集团有限公司
2996,北京市海淀区苏州街16号神州数码大厦3层,北京精真估信息技术有限公司
3000,朝阳区高碑店路西店1102号国粹苑A座四层4069-4078室,北京聚通达科技股份有限公司
3002,北京市朝阳区,新洲康之源(北京)商贸有限公司
3005,11,红帽中国
3011,北京市朝阳区望京东路1号摩托罗拉大厦,锤子科技(北京)有限公司
3015,北京市朝阳区霄云路40号国航世纪大厦23层,北京鹏全云电子商务有限公司
3016,北京市朝阳区北苑路28号院1号楼－潮驿178－A座 4 层,上海中清龙图网络科技有限公司北京分公司
3023,北京市海淀区科学院南路2号融科资讯中心A座316,旷视科技face++
3026,北京朝阳区八里庄北里220号，1872商务楼（中国银行左侧），猎聘网,猎聘网
3028,北京市北京经济技术开发区博兴八路1号,中金数据系统有限公司
3031,北京市朝阳区呼家楼博瑞大厦B座,北京地球港卓越商业管理有限公司
3033,北京市海淀区（上地）开拓路17号，时代集团A座3层,北京贝虎机器人技术有限公司
3038,北京市海淀区知春路北航致真大厦,北京智明星通科技股份有限公司
3039,北京西城区成方街27号,中国石油国际事业有限公司
3042,北京市海淀区中关村大街1号海龙大厦8层0816-0825,随行付支付有限公司
3044,北京市 海淀区 东北旺西路8号 中关村软件园36号楼,曙光信息产业（北京）有限公司
3045,北京市朝阳区酒仙桥路6号院（电子城•国际电子总部）2号楼,360金融
3050,北京市经济技术开发区亦城财富中心B座11层,达疆网络科技(上海)有限公司
3051,北京市朝阳区焦化路甲18号 中国出版创意产业基地先导区 一层150室,中建智云网络通信有限公司
3052,北京朝阳区安外外馆后身一号,中国交通通信信息中心
3053,北京市海淀区中关村软件园东北旺南路29号首农蓝海中心C座7层,北京华育兴业科技有限公司
3056,北京市海淀区上地桥东金山软件大厦,北京金山办公软件股份有限公司
3062,北京市海淀区开拓路1号汇苑开拓大厦A座4层,小船出海教育科技(北京)有限公司
3079,北京市顺义区牛汇北五街5号4幢,北京江河幕墙系统工程有限公司
3080,东三花 双井 优士阁B座10层,北京东械科技有限公司
3085,北京市石景山区杨庄路70号院公社1958创意园5号楼,北京雅林士博建筑工程有限公司
3086,北京市东城区朝阳门内银河SOHO B座9层20903室,北京奇子投资管理有限公司
3096,北京：朝阳区望京东路4号院望京恒电大厦A座（望京科创大厦）8层,全时云商务服务股份有限公司
3098,公司总部：北京市石景山区阜石路165号中国华录大厦B座10层——人力资源部,北京易华录信息技术股份有限公司
3099,北京海淀区知春路希格玛公寓A座602,北京人合创咨询有限公司
3102,北京市昌平区龙域中街龙域中心 b 座 9 层,北京美洽网络科技有限公司
3103,北京市海淀区学院路51号首享科技大厦13层,暴风影音
3104,北京市朝阳区裕民路,长安通信科技有限责任公司
3109,新诺亚（北京）文化发展有限公司 ,新诺亚(北京)文化发展有限公司
3110,北京海淀区花园东路19号中兴大厦,南京君合创胜数据科技有限责任公司
3113,北京市红军营南路媒体村天畅园8号楼3层,北京雷石天地电子技术有限公司
3118,北京市海淀区北太平路城建大厦c座3层,大唐网络有限公司
3137,北京市和平区青龙胡同1号歌华大厦A座616室,北京嘉和美康信息技术有限公司
3152,北京市朝阳区国贸建外SOHO西区17号楼18层,北京众合天下管理咨询有限公司
3154,上海市岳阳路76号,公安部第三研究所
3156,北京市北京经济技术开发区经海三路 科创13街，中矿华飞3层,北京欣奕华科技有限公司
3158,北京市丰台区西南四环时代财富天地大厦2号楼29层,博易智软(北京)技术股份有限公司
3159,北京市丰台区科学城中核路1号1号楼五层,北京锦鸿希电信息技术股份有限公司
3173,北京、华中、华北、华东地区,北京宝兰德软件股份有限公司
3198,北京市朝阳区光华路五号世纪财富中心2号楼10层,北京世源光华房地产开发有限公司
3223,北京市朝阳区望京东路1号摩托罗拉大厦7层,新智超脑科技有限公司
3226,北京市丰台区航丰路1号时代财富天地28层,北京国电通网络技术有限公司
3229,酒仙桥360大厦,360金融
3254,北京市西城区宣武门西大街甲129号,北京三才智者技术服务有限公司
3260,北京市海淀区中关村南大街甲8号院威地大厦11层,北京缀新网络技术有限公司
3262,北京市朝阳区广渠路66号院8号楼百环青创大厦2层205室,天创信用服务有限公司
3269,北京市海淀区学院路51号首享科技大厦12层1203-1207室,北京四合天地科技有限公司
3275,北京市通州区马驹桥环宇路3号桑德集团,北京智慧云行科技有限责任公司
3277,小西天,中国信息通信研究院
3279,北京市海淀区学院路35号世宁大厦802室,华青融天(北京)技术股份有限公司
3293,北京市海淀区永丰路四维图新大厦A座2层,北京世纪高通科技有限公司
3295,北京大钟寺中坤广场E座902,北京邦利德网络科技有限公司
3296,北京市朝阳区安翔北路创业大厦B座17层,北京金信网银金融信息服务有限公司
3298,北京市海淀区上地信息路11号2层,百度外卖
3301,北京市海淀区西三旗建材城西路65号,中邮信息科技(北京)有限公司
3302,北京大兴经济技术开发区亦城财富中心B座11层,达疆网络科技(上海)有限公司
3323,北京市西城区白纸坊东2号北京创新文化工场8层816（地铁4号线陶然亭D口出）,中科科猫(北京)科技有限公司
3327,北京市朝阳区霄云路26号鹏润大厦B座17层,国美在线电子商务有限公司
3330,朝阳区 东三环 双井 优士阁B座10层,北京东械科技有限公司
3331,东三环 双井 优士阁B座10层,北京东械科技有限公司
3332,北京市朝阳区朝外大街甲6号万通中心D座7层701,易宝支付有限公司
3333,北京市朝阳区朝外大街甲6号万通中心D座23层,易宝支付有限公司
3335,北京市海淀区双清路清同方大厦,同方威视技术股份有限公司
3337,海淀区东北旺西路8号中关村软件园21号楼启明星辰大厦3层一区,聚美优品
3339,海淀区北三环中路44号3幢1001室,北京教培师训网络科技股份有限公司
3361,北京市朝阳区中环世贸,数联道(北京)科技有限公司
3369,上海市静安区江宁路167号新城大厦703室,上海飞观信息科技有限公司
3370,北京市朝阳区利泽东街5号,亚创博彦(北京)科技有限公司
3378,北京市朝阳区东三环北路38号院1号楼泰康金融大厦22层,方正中期期货有限公司
3379,北京市海淀区北四环中路238号柏彦大厦16层,民航数据通信有限公司
3389,北京市海淀区学院路和知春路的交汇处致真大厦C座10层,北京智慧图科技发展有限责任公司
3396,北京市朝阳区东枫曙光中心三层,北京优全智汇信息技术有限公司
3397,北京市海淀区知春路7号致真大厦D座,宇罗(北京)科技有限公司
3406,海淀区学院南路62号中关村资本大厦 ,北京熠宸信息科技有限公司
3424,北京市经济技术开发区永昌北路3号 8号楼8660,北京天空卫士网络安全技术有限公司
3425,北京市经济技术开发区宏达工业园永昌8号8660,北京天空卫士网络安全技术有限公司
3426,北京市经济技术开发区宏达工业园永昌8号8660A,北京天空卫士网络安全技术有限公司
3435,北京市海淀区东北旺西路8号中关村软件园9号楼(国际软件大厦)B区305,北京中科汇联科技股份有限公司
3439,北京市海淀区中关村南大街2号数码大厦B座902A室,伟宏互联网科技有限公司
3445,厦门市同安区同龙二路1188号,华强方特(厦门)动漫有限公司
3446,北京市朝阳区日坛国际贸易中心,乾道投资控股集团有限公司
3449,北京市朝阳区东三环中路20号乐成中心A座8-9层,北京品友互动信息技术股份公司
3451,北京市朝阳区东三环中路20号乐成中心A座901,北京品友互动信息技术股份公司
3457,北京市海淀区西北旺镇亮甲店路北京人才教育基地,北京渔阳信通信息技术有限公司
3458,北京市昌平区中国农机试验站云计算人才培养基地,北京渔阳信通信息技术有限公司
3460,北京市昌平区中国农机院农业生态科技园渔阳IT实训基地,北京渔阳信通信息技术有限公司
3475,北京市海淀区西北旺东路10号院东区君正大厦4层,北京智慧眼科技股份有限公司湖南分公司
3478,天津滨海高新技术产业开发区华苑产业区（环外）海泰发展二路12号，天津高新区，地铁三号线高新区站附近,新拓尼克科技研发中心 
3486,北京市海淀区羊坊店路光耀东方广场N座618,北京博图纵横科技有限责任公司
3487,北京市北京经济技术开发区同济南路20号院1号楼,北京中航智科技有限公司
3489,北京市昌平区科学园路生命园路8号院一区15号二层,卡尤迪生物科技(北京)有限公司
3494,北京市朝阳区望京北路1号中国数码港大厦,锤子科技(北京)有限公司
3495,电通创意广场,北京知行易航智能科技有限公司
3502,海淀区学院南路62号中关村资本大厦,北京圣康汇金科技有限公司
3511,北京朝阳区望京,杭州数美科技有限公司
3512,北京市海淀区35号世宁大厦20层,北京小鸟看看科技有限公司
3517,北京市朝阳区安定路35号 安华发展大厦15层,世纪佳缘交友网
3519,北京市海淀区文慧园甲12号 久其软件,北京久其软件股份有限公司
3522,北京海淀区王庄路1号同方科技广场B座27层,北京辰安科技股份有限公司
3523,融科资讯中心A座316,旷视科技face++
3526,北京市东城区建国门内大街28号民生金融中心C座19层,中国民生信托有限公司
3532,北京市朝阳区SOHO现代城C座305,北京足坛之星投资有限公司
3533,北京市海淀区中关村软件园二期西北旺东路10号院亚信总部研发中心大厦,亚信科技(中国)有限公司
3535,北京,泰康保险集团股份有限公司
3536,北京市海淀区中关村大街22号中科大厦,北京瑞星信息技术股份有限公司
3544,北京市朝阳区东三环北路嘉铭中心B座6层,北京耀莱财富管理有限公司
3548,北京市朝阳区建外大街22号赛特广场6层,致同会计师事务所
3551,东四环百子湾附近，离地铁近,世纪爱心国际投资集团有限公司
3552,北京市海淀区永定路甲51号,航天科工智慧产业发展有限公司
3554,北京市海淀区丰秀中路3号院12号楼,北京旋极集团
3557,北京市海淀区上地开拓路17号时代集团A座西门3层,北京贝虎机器人技术有限公司
3563,北京市海淀区成府路28号优盛大厦A座1802,北京阿凡题科技有限公司
3565,北京市海淀区丰秀中路3号院7号楼中网数据办公大楼,中网数据(北京)股份有限公司
3566,北京市海淀区北四环中路229号海泰大厦,北京快鱼电子股份公司
3570,北京中关村南大街5号北京理工大学,北京理工大学智能机器人与系统高精尖创新中心
3571,北京市静安中心９层　　１１层,北京新恒基房地产集团有限公司
3574,北京市朝阳区东大桥路8号尚都国际中心A座310,东易日盛家居装饰集团
3575,北京朝阳区三元桥嘉里大通401室,北京易商通科技股份有限公司
3580,北京市,北京凡尔康管理咨询有限公司
3581,北京市海淀区上地三街9号金隅嘉华大厦D座711,山东华软金盾软件股份有限公司
3587,海淀区中关村软件园东北旺西路君正大厦A座4层,北京智慧眼科技股份有限公司湖南分公司
3590,北京市朝阳区酒仙桥路52号东方科技园4号楼云测大厦,北京云测信息技术有限公司
3591,北京市海淀区上园村3号交大科技大厦1404-2,北京佳讯飞鸿电气股份有限公司
3592,北京市朝阳区西坝河南路1号金泰大厦16层（地铁13号线柳芳站）,Esri中国信息技术有限公司
3593,北京市海淀区苏州街16号(神州数码大厦),神州数码医疗科技股份有限公司
3596,北京市海淀区上地五街福道大厦链家网,链家网(北京)科技有限公司
3597,北京市海淀区永定路51号,北京计算机技术及应用研究所
3600,北京市海淀区上地信息路11号彩虹大厦北楼一层,北京安力斯环境科技股份有限公司
3601,中关村创业大街北京大学校友会,硅谷汇(北京)软件技术有限公司
3607,北京,上海瀚纳仕人才管理咨询有限公司
3608,,联通云数据有限公司
3610,西安联通,联通云数据有限公司
3643,北京市海淀区上地信息路12号2层A区211/213室,卡尤迪生物科技(北京)有限公司
3651,北京市顺义区南法信府前街12号顺捷大厦五层（地铁15号线直达）联系电话：010—57045052,北京百迈客生物科技有限公司
3653,北京市昌平区超前路37号,乐普(北京)医疗器械股份有限公司
3655,深圳市南山区高新园迈科龙大厦1301A,深圳索信达数据技术股份有限公司
3660,北京市海淀区北清路 68 号用友产业园西区 1 栋 C 座,纳通医疗集团
3661,北京市海淀区中关村软件园（一期）东北旺西路8号27号院A座,北京中交兴路车联网科技有限公司
3665,北京市海淀区复兴路65号电信实业大厦13楼,北京安宁创新网络科技股份有限公司
3666,海淀区北四环海淀区北四环海淀区北四环,北京金山云网络技术有限公司
3669,北京市海淀区蓝靛厂南路25号牛顿办公区11层北区,恒信东方文化股份有限公司
3670,北京市海淀区丹棱街5号微软大厦,北京迪美策方市场咨询有限公司
3672,北京市海淀区知春路7号致真大厦C座5-6层,北京智明星通科技股份有限公司
3674,东直门外大街甲2号正东国际大厦A座25层,"ACCESS PEOPLE CO.,LIMITED"
3677,北京市海淀区蓝靛厂东路2号金源时代商务中心B区,北京楚天龙科技发展有限公司
3678,北京市海淀区中关村软件园5号楼汉王大厦,汉王科技股份有限公司
3679,北京市朝阳区朝外大街26号朝外MEN写字中心A座10层,鹏博士电信传媒集团股份有限公司
3683,山东泰安；海南海口；,东华软件股份公司
3690,北京市朝阳区朝阳门外丰联广场2605,北京天石和合文化传播有限责任公司
3691,北京市海淀区中关村鼎好大厦A座2层义创空间15号,青松智慧(北京)科技有限公司
3692,北京海淀区/上海黄浦区/无锡南长区,浙江九州云信息科技有限公司
3693,北京首开广场,阿里巴巴(中国)有限公司
3695,北京市海淀区创业大街昊海楼4层402,北京因果树网络科技有限公司
3696,北京市海淀区中关村大街1号10层1022室,地壳机器人科技有限公司
3698,北京市朝阳慧忠北里,北京安德信业信息咨询有限责任公司
3699,北京市石景山区城通街26号院4号楼12层1208,北京青燕祥云科技有限公司
3700,西二旗软件园,迪原创新(北京)科技有限公司
3705,北京,康明斯(中国)投资有限公司
3707,方恒国际中心A座,阿里巴巴(中国)有限公司
3708,北京市朝阳区北京金辉大厦18层1801-1803,北京七鑫易维信息技术有限公司
3712,北京市房山区辰光东路16号院启航国际三期11号写字楼401室,巴士互娱(北京)科技有限公司
3713,北京市朝阳区广顺南大街601,北京顶测科技有限公司
3714,北京市,北京聚辉管理咨询有限公司
3719,北京市海淀区中关村东路66号世纪科贸大厦B座2304,北京创景咨询有限公司
3722,北京市西城区广宁伯街2号 金泽大厦,首创置业股份有限公司
3723,北京市,虫极科技(北京)有限公司
3725,海淀区清河中街,北京思迪康泰科技有限公司
3727,北京市海淀区海淀大街3号1幢A座3层301-026,北京奇点机智科技有限公司
3732,北京海淀区上地,北京思迪康泰科技有限公司
3740,北京市朝阳区高碑店东亿国际传媒产业园三期C座4号门6层,北京微吼时代科技有限公司
3742,北京智慧摩羯数据科技有限公司,北京智慧摩羯数据科技有限公司
3744,北京,迪原创新(北京)科技有限公司
3747,北京市朝阳区芍药居北里101号世奥国际中心A座1915,北方大贤风电科技（北京）有限公司
3749,北京市海淀区杏石口路65号益园C区11号楼西段二楼,北京基石生命科技有限公司
3755,北京市,华兴创信(北京)科技有限公司
3757,北京市经济技术开发区路东区科创十四街与经海五路交口以东500米,四达时代集团
3758,北京市海淀区北四环西路67号中关村创新科技大厦306,北京声智科技有限公司
3759,北京市海淀区花园路金尚嘉园,北京万游网络科技有限公司
3760,北京市海淀区西直门北大街甲43号金运大厦A座7层,北京中广瑞波科技股份有限公司
3762,北京市朝阳区将台西路18号皮革大厦,北京众享比特科技有限公司
3765,北京市海淀区知春路48号盈都大厦A座28层（近地铁10，13号线知春路站）,伊必汽车软件(上海)有限公司
3766,北京市上地中关村软件园40号楼数字山谷4层,北京网脑科技发展有限公司
3767,北京恒信志远科技有限公司,北京恒信志远科技有限公司
3768,北京市朝阳区远洋国际中心C座1706室,钧云(上海)网络科技有限公司
3769,北京市昌平区华远静林湾,中金信科(北京)科技股份有限公司
3770,北京朝阳区中国第一商城,北京顶派国际管理咨询有限公司
3778,北京市朝阳区,迪原创新(北京)科技有限公司
3779,北京市海淀区中关村大街11号E世界财富中心A座12层,北京誉成云创科技有限公司
3786,北京市西城区广安门内大街338号港中旅大厦七层711室,北京国势通科技有限公司
3788,北京市朝阳区东三环北路三号北京中远幸福大厦A座17层,宇信数据科技有限公司
3789,北京,北京数起科技有限公司
3790,海淀区,上海赤犬投资管理有限公司
3792,北京市海淀区中关村软件园二期华胜天成科研大楼一层右侧,重庆小康工业集团股份有限公司
3794,北京市海淀区善缘街1号 立方庭 2-322,信联资信服务有限公司
3795,北京市 朝阳区 建国路88号4号楼3002,上海逸云信息科技发展有限公司
3796,青岛市,青岛中道企业管理有限公司
3797,北京市海淀区上地五街群英科技园西侧5号楼5层501室,北京纳网科技有限公司
3798,北京市海淀区中关村软件园一期一号楼信息中心a座b305,北京天地一格科技有限公司
3799,北京朝阳成寿寺路甲108号,鲤鱼(上海)文化科技有限公司北京分公司
3800,北京市朝阳区,北京蓝海龙文化传播有限公司
3804,北京,上海沛生企业管理中心
3806,北京市朝阳区酒仙桥路52号院东方科技园1号楼B座2层,北京海象世纪信息服务有限公司
3810,北京市朝阳区北辰西路8号院2号楼北辰世纪中心A座1525室,卓越工坊(北京)科技有限公司
3811,北京市海淀区学清路金码大厦B座708-709室,北京国舜科技有限公司
3812,北京市西城区裕民东路3号的京版信息港4层,迪原创新(北京)科技有限公司
3814,北京市海淀区西三环中路11号中央广播电视塔2-5层,北京中广创思文化传播有限公司
3815,北京市朝阳区高井文化园路8号东亿国际传媒产业园C3号楼2层,北京酷鱼畅享科技有限公司
3816,北京市海淀区东冉北街9号，互联网金融产业园，宝蓝金园国际中心B4015室,德稻全球创新网络(北京)有限公司
3817,北京朝阳区东方东路19号亮马桥外交办公大楼D1座1401室,东芝(中国)有限公司
3818,海淀区 - 五道口 - 成府路45号中关村智造大街G座3楼,南京果酱文化发展有限公司
3819,北京市海淀区中关村大街18号8层04-1521 ,北京万游网络科技有限公司
3821,深圳市福田区中央西谷大厦502（地铁上沙站）,深圳市快乐人生人力资源有限公司
3822,北京市朝阳区酒仙桥东路10号，青麦时代109,吉林纪元时空动漫游戏科技集团股份有限公司北京分公司
3823,北京朝阳区三里屯SOHO办公D座1001,上海连舟科技有限公司
3826,山东省青岛市崂山区青大三路8号保利中心8楼815,青岛牧桐网络科技工程有限公司
3829,朝阳区望京SOHO塔三B座1809,北京简网世纪科技有限公司
3831,北京市朝阳区望京绿地中心B座2001-2002室,绿瘦健康产业集团有限公司
3832,北京市六道口,游瑞世纪(北京)管理咨询有限公司
3834,北京市海淀区上地东路9号得实大厦5层南区,北京算云联科科技有限公司
3836,北京市朝阳区三里屯SOHO办公D座1001,上海连舟科技有限公司
3837,工作地址：北京市海淀区海淀大街普天大厦11层西区,巧达科技(北京)有限公司
3838,北京朝阳区青年路113号东院,北京逸文医疗信息技术有限公司
3839,海淀区知春路23号量子银座,速感科技(北京)有限公司
3841,北京棱镜互动科技有限公司,北京棱镜互动科技有限公司
3843,北京市东城区朝阳门内大街银河SOHO,北京居诺技术开发中心
3844,河南省鹤壁市淇滨区兴鹤大街汇金大厦9楼,鹤壁高新区高新技术企业培育服务中心
3845,北京市海淀区北航致真大厦,北京智分科技有限公司
3846,北京市竞园艺术中心11C,北京九天微星科技发展有限公司
3848,北京市海淀区中关村南36号湖北大厦18层,北京象翌微链计算技术有限公司
3850,北京市海淀区上地十街1号院,爱股票
3851,北京市昌平区中关村生命科学园路20号院1号楼生物技术研发中心三层,中玉金标记(北京)生物技术股份有限公司
3856,朝阳区望京广顺北大街16号华彩大厦,上海姚记悠彩网络科技有限公司北京分公司
3857,北京市朝阳区甜水园路万科公园五号20号写字楼306室,北京新澜互动广告有限公司
3859,北京市昌平区回龙观龙域北街金域国际中心B座10层,北京清鹤科技有限公司
3860,大兴区亦庄西环南路18号汇龙森科技园二园A座312室,北京核利电子商务有限公司
3863,朝阳区光华路SOHO二期D座802室,北京欧应科技有限公司
3865,北京市海淀区学院路35号世宁大厦1101,北京志翔科技股份有限公司
3867,北京市丰台区总部基地5区11号楼5层,北京联合智云科技有限公司
3868,北京市西城区华远北街2号通港大厦703,西安绿点信息科技有限公司
3869,北京市朝阳区双桥中路北院1号,北京长城电子装备有限责任公司
3871,北京市昌平区黄平路泰华龙旗广场2号楼D座5楼,北京炬鑫网络科技有限公司
3872,北京海淀区清河强佑大厦A座1419室,北京开维创科技有限公司
3874,北京市海淀区学院路甲5号768创意园A座东区2号门2层,北京春雨天下软件有限公司
3876,北京市东城区永定门外西滨河路8号中海地产广场东塔806,北京鑫泰能源股份有限公司
3880,海淀区中关村软件园11号楼大洋大厦,深圳市芒柠科技有限公司
3883,北京市朝阳区望京SOHO,超对称(北京)科技有限公司
3884,北京市朝阳区望京SOHO ,超对称(北京)科技有限公司
3885,北京朝阳区东四环北路7号太合大院(南十里居路),北京太合娱乐文化发展股份有限公司
3886,北京市海淀区知春路甲48号盈都大厦B座12层,北京云起融通科技有限公司
3887,北京市海淀区,广州兴图科技有限公司
3888,北京市西城区北三环中路甲29号院华龙大厦A座1607,北京新模式科技有限公司
3892,北京市海淀区上地信息路甲28号科实大厦D座202室,上海派拉软件股份有限公司
3893,北京市海淀区苏州街3号大恒科技大厦南座18层,北京羽扇智信息科技有限公司
3895,北京市朝阳区化工路59号焦奥中心1号楼A座305室,北京万维亚太科技有限公司
3897,北京市海淀区中关村科学院南路6号,中科天玑数据科技股份有限公司
3898,北京市海淀区,深圳市文鼎创数据科技有限公司
3902,北京市朝阳区酒仙桥北路甲10号IT电子科技园201楼 ,北京太平洋莱特科技有限公司
3904,北京市朝阳区媒体村天畅园1号楼2308#,北京跬步众成信息技术有限公司
3906,北京市朝阳区姚家园路105号乐视大厦7层,佰邦达科技（北京）有限公司
3907,北京高校大学生创业园-索维智能,北京索维智能科技有限公司
3909,北京朝阳区劲松七区725号院,北京露米埃动画制作有限公司
3912,北京朝阳区东大桥路8号SOHO尚都北塔A座1101室,图灵通诺(北京)科技有限公司
3913,北京市朝阳区左家庄一号静安东街汉美国门大厦5层,北京恒天易开科技股份有限公司
3914,北京朝阳区建外SOHO,北京左岸时代传媒股份有限公司
3917,北京市朝阳区北辰东路8号北辰时代大厦17层,北京腾信卓越咨询有限公司
3918,北京市丰台区南四环西路188号十七区5号楼,北京航天泰坦科技股份有限公司
3922,上海市徐汇区的wewok里,北京真格天成投资管理有限公司
3924,北京市海淀区东北旺西路八号中关村软件园9号楼国际软件大厦,深圳市源极光科技有限公司
3926,北京市 ,北京鼎新同人管理咨询有限公司
3928,姚家园,佰邦达科技（北京）有限公司
3930,北京市朝阳区来广营西路5号院诚盈中心1号楼10层,易纳购科技(北京)有限公司
3931,中国科学院大气物理研究所 北京市朝阳区华严里40号楼,中国科学院大气物理研究所
3932,北京大学综合科研楼,北京华睿慧脑科技中心(有限合伙)
3933,朝阳区北苑路170号凯旋城C座2006,北京币码网络科技有限公司
3934,和平里九区甲4号安信大厦,北京安信广通新技术有限公司
3938,海淀区中关村软件园11号楼大洋大厦,深圳市前海谷雨网络科技有限公司
3939,北京市朝阳区四惠东通惠大厦A区5层,中望金服信息科技(北京)有限公司
3940,北京市朝阳区光华路4号 东方梅地亚 a座1209,北京盘古奇点投资管理有限公司
3944,北京市海淀区杏石口路中间建筑五区8号楼1单元201,北京深瞐科技有限公司
3945,北京益园C12西段三层,开网科技(北京)有限公司
3947,益园,北京腾信软创信息技术有限公司
3948,北京朝阳区朝外大街8号,北京热锋互动网络科技有限公司
3949,北京市东城区美术馆后街大取灯胡同2号,北京车与车科技有限公司
3952,北京市海淀区北三环中路44号2-11,司马大大(北京)智能系统有限公司
3954,西二旗,迪原创新(北京)科技有限公司
3955,北京市昌平区中关村生命科学园路20号院1号楼三层,中玉金标记(北京)生物技术股份有限公司
3956,北京市海淀区海淀路50号甲北大资源联楼2层,司马大大(北京)智能系统有限公司
3959,北京市昌平区金域国际中心A座703-704室,梦启(北京)科技有限公司
3960,中关村海淀大街普天大厦西区11层,巧达科技(北京)有限公司
3962,北京,深圳市英特方略企业管理顾问有限公司
3964,北京市海淀区北土城西路7号G座12层（中科院大气所大院）,中科三清科技有限公司
3965,北京市海淀区中关村南一条甲1号ECO中科爱克大厦二层,北京多维视通技术有限公司
3966,北京,北京赛思天成科技有限责任公司
3969,北京市石景山区盛景国际广场A座6层,北京阿尔山金融科技有限公司
3970,北京市朝阳区望京SOHO塔一B座16层1610室,大连火眼征信管理有限公司
3971,北京市朝阳区工体北路8号三里屯soho A座2101室,量子云未来(北京)信息科技有限公司
3972,北京市朝阳区东三环中路39号建外SOHO东区 B-1001室。,上融网络科技(北京)有限公司
3974,北京市海淀区上地东路盈创动力E座401A,博易创为(北京)数字传媒股份有限公司
3978,北京市朝阳区姚家园南路1号 惠通时代广场 猎豹移动,北京猎豹移动科技有限公司
3981,北京市,北京南天软件有限公司
3985,北京市西城区广安门内大街311号院祥龙商务大厦A座5层,北京汇通金财信息科技有限公司
3987,"北京市朝阳区望京SOHO,塔3，B座，42层",北京麒麟合盛网络技术有限公司
3989,北京朝阳区酒仙桥路14号兆维工业园区B4裸心社,武汉文网亿联科技有限公司
3990,北京,南京麦思伦信息科技有限公司
3991,北京,中天金融集团股份有限公司
3993,北京市东城区东中街58号美惠大厦,亚信科技(中国)有限公司
3995,北京市海淀区西直门北大街甲43号金运大厦A座12层,北京海科融通支付服务股份有限公司
3996,北京市海淀区五道口,北京中科建友科技有限公司
3998,北京市朝阳区望京数码港大厦4层,锤子科技(北京)有限公司
4003,北京酒仙桥路十号1幢FourWork二层,北京火星盒子科技有限公司
4006,北京市盘古大观,方正证券股份有限公司
4014,日本东京,修曼(上海)商务咨询有限公司
4018,北京市东城区东滨河路甲一号大象投资大厦一层,达疆网络科技(上海)有限公司
4019,银河soho D2座18层,凡普金科企业发展(上海)有限公司
4027,北京市中关村南四街4号,中国科学院软件研究所
4028,北京市海淀区高梁桥斜街中坤大厦13层,高视医疗投资有限公司
4029,北京市海淀区北洼路4号益泰大厦3层,绿盟科技
4031,北京市朝阳区安定路5号中建财富国际中心22、23层,北京天润新能投资有限公司
4034,北京市海淀区西四环中路16号院7号楼3层,立信会计师事务所(特殊普通合伙)北京分所
4037,北京伯众联合管理咨询有限公司,北京伯众联合管理咨询有限公司
4038,十号线亮马桥,Symbio 北京研发中心
4040,北京市通州区光机电产业一体化基地（亦庄开发区 近近京东大厦）,北京华晟经世信息技术有限公司
4043,北京昌平生命科学园泰康创新中心21-1号（有班车接送））,泰康在线财产保险股份有限公司
4056,北京市海淀区西四环北路140号,北京君南圣达信息技术有限公司
4068,北京市,北京科诺思通咨询有限公司
4080,北京市海淀区北四环西路9号银谷大厦20层2005；,中标软件有限公司
4082,海淀区中关村东路1号院3号楼609,北京涵德投资咨询有限公司
4084,朝阳区光华路soho二期C座3-1,小付钱包技术(北京)有限公司
4097,北京市朝阳区西大望路甲三号院二号楼鼎锋大厦三层,北京优音通信有限公司
4103,北京市海淀区远大路金源时代商务中心2号楼B座8层,新晨科技股份有限公司
4106,北京市东城区东直门外大街46号天恒大厦17层,航美在线网络科技集团有限公司
4112,北京市朝阳区东四环中路82号金长安大厦C座12层,北京中税网控股股份有限公司
4113,北京市海淀区首体南路9号主语商务中心3号楼,中讯邮电咨询设计院有限公司
4115,北京市海淀区西四环北路158-1号物美慧科大厦西座,北京物美商业集团股份有限公司
4116,北京市朝阳区三里屯机电4号院79office三层,北京冰狮科技有限公司
4117,北京市朝阳区广渠路11号金泰国际大厦A座11层,长安新生(深圳)金融投资有限公司
4121,北京市西城区合生财富广场,北京易诚互动软件技术有限公司
4123,北京市海淀区闵庄路3号清华科技园 • 玉泉慧谷1号楼,金石泰诚集团有限公司
4124,海淀区中关村南四街,中国互联网络信息中心
4125,北京市朝阳区建国路91号金地中心A座22层,华信永益(北京)信息技术有限公司
4131,北京海淀区中关村软件园二期,Symbio 北京研发中心
4132,北京市朝阳区东三环中路5号财富金融中心53层,赛仕软件研究开发（北京）有限公司
4133,望京,北京智软英才管理咨询有限公司
4135,北京市海淀区中关村东路1号院清华科技园科技大厦A座22层,上海连尚网络科技有限公司
4136,北京市北三环中路27号马甸商房大厦,资和信电子支付有限公司
4138,海淀区上地小营西路金山软件大厦,北京金山云网络技术有限公司
4140,北京市朝阳区北土城西路三号,中国科学院微电子研究所
4142,北京市中建财富国际中心,龙湖地产有限公司
4143,北京海淀区中关村大街46号院众海加速器,北京中欣环测科技有限公司
4145,北京市,Zenith Consulting
4152,北京市朝阳区盘古大观,方正证券股份有限公司
4154,昆明市穿金路205号霖岚国际广场A座8楼,昆明联诚科技股份有限公司
4156,北京-海淀软件园二期,神州数码系统集成服务有限公司
4157,朝阳区东四环的达美中心,北京梦疆咨询有限公司
4168,海淀区清河中街,北京湛腾世纪科技有限公司
4174,北京市朝阳区西大望路甲12号通惠国际传媒广场2号楼5、6层,引力传媒股份有限公司
4177,北京市海淀区东北旺西路8号中关村软件园23号楼302,北京京穗蓝盾信息安全技术有限公司
4179,北京市朝阳区东三环中路25号住总大厦1208,北京奇诺软通科技有限公司
4180,朝阳门地铁站,北京华路时代信息技术有限公司
4190,北京市西城区新街口外大街28号院,紫光云数科技有限公司
4194,北京市霄云路26号鹏润大厦A座35层,北京新恒基房地产集团有限公司
4197,北京市海淀区科学院南路2号融科资讯中心,北京趣加科技有限公司
4198,天津,源创猎头
4199,北京市朝阳区朝外MEN财贸中心B座19/20层,北京富通东方科技有限公司
4213,北京市海淀区中关村大街46号院众海加速器一层,北京中欣环测科技有限公司
4217,北京市东城区建国门内大街28号民生金融中心C座22层,泛海控股股份有限公司
4220,北京,联发科技股份有限公司
4221,海淀区北清路68号用友产业园东区19C,畅捷通信息技术股份有限公司
4223,北京市海淀区中关村南四街四号四号楼南楼 201 号,北京中科院软件中心有限公司
4227,北京市海淀区西直门北大街甲43号金运大厦,宏源期货有限公司
4229,北京市海淀区中关村大街1号海龙大厦12层1205室,北京老虎致远科技有限公司
4231,北京市东城区中关村雍和航星科技园2号楼三层东北侧,北京飞流九天科技有限公司
4232,北京市朝阳区望京利泽中一路1号博雅国际中心A座1101,北京数果科技有限公司
4234,北京市朝阳区金台路西路2号院人民日报社院内,海外网传媒有限公司
4235,北京市海淀区中关村左岸工社11层1103,北京国承万通信息科技有限公司
4236,北京市朝阳区酒仙桥南路52号院东方科技园1号楼B座102室,上海明迪文化传媒有限公司北京分公司
4237,北京市海淀区西二旗软件园孵化器,北京大数医达科技有限公司
4239,北京市朝阳区大郊亭中街2号院华腾国际4号楼15A（系北京圆微网略的子公司）,北京众橙世纪传媒技术股份有限公司
4240,山西省太原市,山西云时代技术有限公司
4242,北京市朝阳区望京大厦A座,秒钱(北京)信息服务有限公司
4244,北京市朝阳区北苑路北北辰新纪元2号楼23层2305,北京博乐科技有限公司
4246,北京市朝阳区酒仙桥东路电子城创新产业园M7东五楼B-02,北京凌威锐盛信息技术有限公司
4247,北京市朝阳区利泽中路101号启明国际大厦A座2层梦想加-PLUM,致美生活(北京)科技有限公司
4248,北京,上海赤犬投资管理有限公司
4249,广东省东莞市松山湖高新技术产业开发区礼宾路1号控股大厦9楼,东莞材料基因高等理工研究院
4250,北京海淀区海淀北二街中关村普天大厦西区11层,巧达科技(北京)有限公司
4251,北京亦庄经济技术开发区经海四路25号院8号楼,滨江华康(北京)生物科技有限公司
4252,北京/浙江.绍兴,浙江玩美数据科技有限公司
4253,北京市昌平区北方明珠大厦,北京教书匠教育咨询有限公司
4255,北京市西城区马连道路6号鼎观大厦707室,博淼生物科技(北京)有限公司
4258,北京市朝阳区亚运村润枫德尚2206,北京海奥伊美教育咨询有限公司
4259,北京或成都,四川希氏异构医疗科技有限公司
4260,将台路5号普天实业创新园（南门进左转）5号楼二层2041,北京青麦科技有限公司
4261,北京市海淀区上地三街9号嘉华大厦D座709,北京得力助手信息技术有限公司
4262,北京市朝阳区光华路4号院3号楼26层2606,北京安高盟科技服务有限公司
4266,北京市朝阳区司辛庄南街8号管庄CBD传媒产业管庄创投中心杰诚大厦3层301-303室,北京质汇百川人才科技有限公司
4268,北京市望京首开广场,阿里巴巴(中国)有限公司
4269,北京市朝阳区安外大街胜古中路企发大厦F座701室,北京贝德思达科技发展有限公司
4274,广东省东莞市松山湖高新技术开发区礼宾路1号控股大厦9楼,东莞材料基因高等理工研究院
4276,北京市朝阳区景华南街旺座中心西塔2707,北京优粮生活科技有限公司
4277,北京市朝阳区八里庄西里98号住邦2000大厦三号楼2103室,北京派队体育有限公司
4279,北京市海淀区768创意园A座5号门二层,北京阿博茨科技有限公司
4281,北京市西城区北三环中路27号商房大厦410室,北京通付盾数据科技有限公司
4282,北京市顺义竺园路12号泰达科技园,北京翔博科技股份有限公司
4283,北京市昌平区中关村生命科学园生命园路8号北大医疗产业一区11号楼4层,北京优乐复生科技有限责任公司
4285,北京市朝阳区西大望路3号蓝堡国际中心1座2303,融慧金科金融服务外包(北京)有限公司
4288,北京市海淀区丹棱街18号创富大厦1505,北京微步在线科技有限公司
4289,北京市朝阳区向军南里2巷5号呼家楼,极速蜗牛(北京)投资管理有限公司
4290,北京西二旗中关村软件园一期23号楼孵化加速器503室,北京快乐茄信息技术有限公司
4295,北京市朝阳区泰康金融大厦,北京铁皮猫网络技术有限责任公司
4297,北京市朝阳区望京东路,北京长空一画影视科技有限公司
4298,北京市丰台区角门18号名流未来大厦,北京泰理康科技有限公司
4299,北京朝阳区望京北路9号叶青大厦C座508,企家有道网络技术(北京)有限公司
4301,北京市石景山区古城金融街长安中心,武汉迷你付金融增值技术开发有限公司
4302,北京市海淀区北土城西路197号北京联合大学应用文理学院融创大厦7楼,联科集团-联智科技（北京）有限公司
4303,东城区王府井东街8号 澳门中心B1层funwork,睿医(北京)数据技术有限公司
4304,北京市西城区裕民路18号北环中心1202室,北京英视睿达科技有限公司
4305,北京市朝阳区民族园路2号丰宝恒大厦3075-3082室,玖玖投资集团有限公司
4307,北京市海淀区知春路甲48号盈都大厦c座4单元3A,北京中科晶云科技有限公司
4308,北京市海淀区中关村软件园,北京深知无限人工智能研究院有限责任公司
4312,北京市朝阳区东城区,北京优仕美成管理咨询有限公司
4314,北京市丰台区,北京万索商务咨询有限公司
4315,朝阳区建国门外大街一号国贸大厦三期B座5507,久远谦长(北京)技术服务有限公司
4316,北京市海淀区8号线林萃桥,北京鑫彤日科技有限责任公司
4319,海淀上地三街金隅嘉华大厦,北京小帽科技有限公司
4323,北京海淀区北三环西路43号中航广场A2座6层,北京中搜网络技术股份有限公司
4324,北京朝阳区朝阳门外大街万通中心AB座21楼,厦门当代控股集团有限公司
4328,海淀区海淀大街3号鼎好电子大厦A座8层801,北京思迪康泰科技有限公司
4329,北京市海淀区中关村东路18号1号楼6层C-601,北京中存超为科技有限公司
4331,北京市西城区西单北大街甲133号（联通集团导航12楼）,苏州瑞小云信息科技有限公司
4334,北京市海淀区上地西路6号联想北研大厦,联想新视界(北京)科技有限公司
4335,北京市朝阳区曙光西里甲1号28层,北京牛投邦科技咨询有限公司
4336,北京市中关村生命科学园北大医疗产业园1区14号楼5层,江苏百世诺医疗科技有限公司
4338,昌平区回龙观,北京多特蒙咨询服务有限公司
4341,北京市东城区北京站东街8号B座704室,北京咔啦酷科技文化有限公司
4342,"北京市朝阳区建国路91号，金地中心A座9层，901-915901 -915，Block A Gemdale Plaza, No.91, Jianguo Road, Chaoyang District, Beijing",天睿信科技术(北京)有限公司
4343,北京,四川希氏异构医疗科技有限公司
4346,北京市东城区建国门外,北京一石科技有限责任公司
4347,北京市朝阳区广渠路36号首城国际C座1627,北京艾汉特管理顾问有限公司
4348,北京市朝阳区启阳路金辉大厦1601,北京麦达数字技术服务有限公司
4351,北京市朝阳区朝阳区石佛营东里155号行宫国际酒店北侧中财国际中心二楼,心常态(北京)文化有限公司
4353,北京市海淀区丹棱街1号院1号楼20层01单元,陪我欢乐(北京)科技有限公司
4355,北京市朝阳区呼家楼安联大厦1612,北京德鸿普惠科技有限公司
4357,北京市海淀区学院路甲5号768创意园b座8号门,北京电信通畅达信息有限公司东城分公司
4358,北京市朝阳区东三环中路 建外SOHO8号楼 2501,行云智网络科技(北京)有限公司
4359,北京市海淀区上地四街1号院4号楼1层,珞石(山东)智能科技有限公司北京分公司
4360,北京市海淀区西直门北大街枫蓝国际A座1005室,怡和祥云(北京)科技有限公司
4361,北京市大兴区西环南路亦庄经济开发区汇龙森国际科技园,北京黑狼影业传媒有限公司
4363,北京市朝阳区高碑店村三区36-10(高碑店社区卫生服务中心旁),北京超凡幻想影视文化有限公司
4364,中关村南一条甲一号2号楼中科爱克大厦二层,北京多维视通技术有限公司
4367,北京市西城区地安门内大街四十一号,北京久康国际健康管理股份有限公司
4368,北京市朝阳区安定路33号化信大厦A座15层,北京车联天下信息技术有限公司
4369,北京亦庄经济开发区 亦庄生物医药园 科创六街88号院 3号楼 607,北京中科紫鑫科技有限责任公司
4370,香港沙田香港科技園科技大道東2號光電子中心5樓,香港应用科技研究院有限公司
4373,望京soho,北京天景隆软件科技有限公司
4374,北京市海淀区上地中关村软件园二期15号楼中兴通大厦3A,北京安博通科技股份有限公司
4376,北京市海淀区西四环中路16号院7号楼（北京注协）2楼,立信中德勤(北京)工程咨询有限公司
4378,北京云乔管理咨询有限公司,北京云乔管理咨询有限公司
4379,北京市东城区东直门南大街11号B座1701-1708室,富贵鸟矿业
4380,北京市朝阳区万达广场,纵横兄弟(北京)商贸有限公司
4382,北京 朝阳,萨斯肯通讯技术(上海)有限公司北京分公司
4389,海淀区中关村天创科技大厦,深睿医疗
4390,北京市海淀区清华科技园科技大厦C座18层 刘冰 ,启迪智行科技(北京)有限公司
4391,北工大软件园36号楼5层,未来(北京)黑科技有限公司
4393,北京市朝阳区望京东园七区保利国际广场T3 北控水务大厦,北控水务(中国)投资有限公司
4394,北京市海淀区上地东路35号院1号楼1-312-302,第四范式(北京)技术有限公司
4395,北京市西城区西直门金贸大厦C2座603,广州御银科技股份有限公司北京分公司
4397,北京市海淀区,神州伯乐(北京)管理咨询有限公司
4398,北京市海淀区理想大厦,嘉才(北京)企业管理咨询有限公司
4399,北京,北京聚辉管理咨询有限公司
4400,北京市东城区安定门东大街1号,中国电子技术标准化研究院
4401,北京市朝阳区,北京金百万餐饮管理有限责任公司
4402,朝阳区广顺北大街5号融创动力科技文化创意产业基地 A111,北京家图互动信息技术有限公司
4403,北京市海淀区鼎好大厦A座3层太库孵化器,北京奇点机智科技有限公司
4404,海淀,北京北斗众航科技有限公司
4406,中关村创业大街6号楼（全球创新社区）105室（原海淀图书城昊海楼）,国信双创科技产业发展(北京)有限公司
4409,北京,威霖管理顾问(北京)有限公司
4411,海淀区清华园清华同方大厦8层A800B,北京朗视仪器有限公司
4412,北京市海淀区中关村东路18号中心座3201室,北京中存超为科技有限公司
4413,北京市朝阳区酒仙桥中路先锋金融大厦10层,北京艺典网络科技有限公司
4417,北京市海淀区中关村soho-a区1101,西安点告网络科技有限公司
4421,北京市海淀区首体南路1号院12号楼17层1701,北京中盾安信科技发展有限公司
4422,北京市海淀区中关村东路8号东升大厦A座四层30室,智本时代(北京)科技有限公司
4423,北京市海淀区西二旗中关村软件园孵化器3号楼,北京大数医达科技有限公司
4424,高新区唐延路35号旺座现代城E座30层,西安伯恩人力资源咨询有限公司
4425,北京市丰台区南四环西路188号11区6号楼,中车工业研究院有限公司
4427,北京市海淀区海淀大街8号中钢国际广场A座21层B区,北京优势财富科技有限公司
4429,北京市海淀区蓝靛厂东路2号金源时代商务中心B座10E、10F层,江河瑞通(北京)软件有限公司
4433,北京市朝阳区建国路乙118号太平金融中心,中晟智信数据科技(北京)有限公司
4434,北京,北京聚源融合通讯科技有限公司
4435,北京市海淀区成府路270号中科科仪大厦1号楼3层,北京东方网信科技股份有限公司
4436,北京市朝阳区朝外大街乙12号办公楼16层0-1908,中艺华章文化产业发展有限公司
4437,北京市海淀区花园东路11号泰兴大厦505,创新科存储技术有限公司
4438,北京东城区广渠门外大街冠城名敦道2号楼2003室,北京百世师影视传媒有限责任公司
4443,北京市海淀区高里掌路1号院2号楼（中关村翠湖科技园）,北京芯愿景软件技术有限公司
4446,北京市通州区翠景北里1号楼12层1501-02室,北京微风思道广告有限公司
4447,北京市朝阳区广渠路方家村甲1号C立方青年创意园G6栋,北京至上泽思信息技术有限公司
4451,北京市朝阳区景华南街1号旺座中心西塔11楼,北京伊谢尔伦科技有限公司
4452,北京市东城区天坛东路9号院,北京新联财通咨询有限公司
4453,北京市丰台区恒泰广场恒泰中心写字楼C座22层,北京中冀汇通天下互联网科技有限公司
4455,北京市昌平区北控宏创科技园6号楼301,北京中诺智电科技有限公司
4457,北京市海淀区清华大学,北京华卓精科科技股份有限公司
4458,北京市海淀区首体南路9号主语国际7号楼3层,中国招标公共服务平台有限公司
4460,北京全民快乐科技有限公司,北京全民快乐科技有限公司
4466,北京市丰台区丰台北路18号恒泰广场C座10层,北京华数康数据科技有限公司
4469,北京市西城区北三环中路27号商房大厦403室,北京通付盾数据科技有限公司
4470,北京市朝阳区,北京思博亚讯科技发展有限公司
4475,五道口,北京达佳互联信息技术有限公司
4477,北京市朝阳区工人体育场北路8号院1号楼3层1310,北京青蚨在线网络科技有限公司
4480,北京市海淀区北三环西路甲8号中坤广场E座9层,信亦宏达网络存储技术(北京)有限公司
4481,北京市海淀区西二旗,北京世纪鹤图软件技术有限责任公司
4482,北京市东城区海运仓胡同1号,北京中环信科科技股份有限公司
4483,北京市海淀区善缘街1号立方庭大厦2-710,北京人人信科技有限公司
4486,北京市海淀区上地信息路12号中关村发展大厦B座203,深思考人工智能机器人科技(北京)有限公司
4487,北京市海淀区杏石口路益园  A6楼  5层 电渠研发中心,开网科技(北京)有限公司
4489,北京市北京经济技术开发区经海四路156号院7号楼4层,北京星云医学检验实验室有限公司
4490,北京市海淀区宝盛东路兴华绿色产业楼多牛传媒中心（石油小学对面）,北京多牛互动传媒股份有限公司
4491,北京市海淀区益园C12,开网科技(北京)有限公司
4492,西安,北京云畅游戏科技股份有限公司
4493,北京市海淀区上地东路1号华控大厦8层（西二旗地铁旁）,会找房(北京)网络技术有限公司
4494,北京市西城区航天开元科技园,坤舆天气(北京)科技有限公司
4495,北京市朝阳区化工路 地铁七号线化工站C口南150米 云享客联,上海迈外迪网络科技有限公司北京分公司
4496,北京市海淀区北清路103号中科产业园3号楼一层,北京圣谷同创科技发展有限公司
4497,北京市朝阳区霄云路26号鹏润大厦A区2609室,北京国泰北斗科技有限公司
4499,中科院自动化所,融智育通(北京)科技发展有限公司
4501,朝阳区建国路甲92号世茂大厦C座12层,北京丹枫科技有限公司
4502,北京市,伯乐易才(北京)管理咨询有限公司
4503,北京市朝阳区东大桥路甲8号尚都国际中心A座27层,北京大唐鸿润商贸有限公司
4505,北京市海淀区中关村东路18号财智国际大厦A座9层,北京波罗教育科技有限公司
4508,北京市经济技术开发区隆盛大厦C座4层,众德迪克科技(北京)有限公司
4511,中关村,北京奇果网络科技有限公司
4513,北京市朝阳区东风南路20号,北京帮一把网络科技有限公司
4515,北京市丰台区六里桥南里甲9号首发大厦C座613,北京智诚智达交通科技有限公司
4516,北京市西城区广安门外车站东街16号院,北京博智数源科技股份有限公司
4520,北京市东城区金宝街61号鑫海大厦,北京广通信达软件股份有限公司杭州分公司
4522,北京市朝阳区东长安街建华南路6号院地杰长安驿B座1902室,北京三英联盟禾田广告有限公司
4523,北京市东城区菊儿胡同一轻研究所C101,北京金锐德路科技有限公司
4524,北京市朝阳区望京诚盈中心3号楼10层,北京米树科技有限公司
4525,北京市东城区朝内大街188号鸿安大厦,北京金源动力信息化测评技术有限公司
4527,北京市海淀区北太平庄路18号城建大厦,上海欢岳网络科技有限公司北京分公司
4528,北京市朝阳区东三环弘燕路10号德元九和大厦908,北京快创互娱网络科技有限公司
4529,北京市朝阳区酒仙桥中路10号星科大厦C座4层,汇中泰德投资有限公司
4531,西城区西单,北京德亚维科技有限公司
4535,北京市朝阳区化工路 地铁七号线化工站C口南150米 云享客联合办公2-4F（蘑菇青年社区隔壁）,上海迈外迪网络科技有限公司北京分公司
4536,北京市海淀区中关村南大街乙12号院天作国际1号楼B座602,智慧农科信息技术有限公司
4538,海淀区丹棱街18号508室,长扬科技(北京)有限公司
4540,北京市朝阳区东亿国际传媒产业园,北京橘梦科技有限公司
4542,北京市朝阳区东方东路19号亮马桥外交办公大楼D1栋602,北京中健祥电子科技有限公司
4543,北京市朝阳区工人体育场北路8号三里屯SOHO办公C座16层,北京光云动漫文化有限公司
4544,新疆乌鲁木齐市北京南路40号附1号,中国科学院新疆理化技术研究所
4546,北京元和医学检验所有限公司,北京元和医学检验所有限公司
4548,北京市海淀区中关村南大街甲6号15层 1505室,北京博晓通科技有限公司
4549,北京市朝阳区来广营诚盈中心,北京一览科技有限公司
4554,北京市海淀区学院路甲5号768创意产业园B座6号门3032,北京的卢深视科技有限公司
4556,北京市海淀区学院路5号768创意产业园B座6号门3032室,北京的卢深视科技有限公司
4557,北京市朝阳区景华南街5号远洋光华国际C座1506,骑士联盟(北京)信息服务有限公司
4561,朝阳区光华路SOHO2 3Q,北京天笑科技有限公司
4562,亦庄,北京森艾电子技术有限公司
4563,北京市海淀区北四环西路58号理想国际大厦708,金雅拓（Euronext NL 0000400653 GTO）
4564,北京西城区新德街20号,北京四中龙门网络教育技术有限公司
4565,北京市朝阳区红军营南路媒体村天畅园8号楼404,北京桔牛科技有限公司
4566,北京市海淀区学院路29号,西安惠雷通信科技有限公司
4567,北京市石景山区金融街长安中心2号楼1607-1608室,邦百家(北京)科技有限公司
4571,北京市西城区月坛大厦/天津河西区平安大厦,天弘基金管理有限公司
4572,北京市海淀区,北京汇智恒通科技有限公司
4573,北京市朝阳区北三环东路28号18层1818室,休食哥连锁超市股份有限责任公司
4574,北京市朝阳区酒仙桥北路甲10号院106号楼（电子城IT产业园内）荣之联大厦3层,北京车网互联科技有限公司
4575,回龙观创客广场A座427,北京得瑞领新科技有限公司
4577,北京市朝阳区建国路108号海航实业大厦,上海睿泰企业管理集团有限公司
4578,北京市新街口外大街8号院A座607室,北京艾信运通技术有限公司
4580,北京市海淀区西小口66号东升科技园B2楼6层,北京转转精神科技有限责任公司
4582,北京市东城区东长安街1号东方广场西一办公楼八层7室 ,资舟控股有限公司
4583,北京市海淀区上地十街辉煌国际,北京圣邦天麒科技有限公司
4586,北京市朝阳区百子湾路32号苹果社区北区5号楼一层东南侧,北京甜心良品网络科技有限公司
4592,北京市朝阳区金泉时代大厦3号楼916室,北京畅联九州科技有限公司
4593,成都市高新区软件园F区6栋5楼,成都侠客岛企业管理有限公司
4595,北京市海淀区宝盛南路1号院   奥北科技园20号楼9层,北京无限讯奇信息技术有限公司
4597,北京市海淀区天秀路古月园小区26号楼,元计算(北京)科技服务有限公司
4599,北京市海淀区西直门北大街32号枫蓝国际A座511室,北京卓成世纪科技发展有限公司
4601,北京市朝阳区东三环北路19号中青大厦1706/1707室,奥哲(北京)国际广告有限公司
4602,北京市丰台区广安路5号院国投财富广场5号楼7层,北京今日易购电子商务有限公司
4604,昌平区北农路2号华北电力大学国家大学科技园行政楼315室,北京信锚网络有限公司
4605,北京朝阳区望京SOHO塔1-B座1507室,北京雅森科技发展有限公司
4609,北京市海淀区北四环西路52号方正国际大厦12层,防特网信息科技（北京）有限公司
4611,北京市东城区广渠门白桥大街15号嘉禾国信大厦A/B电梯701室,乐影网
4614,北京市东城区东直门外斜街56号院文创园103室,宁波观复文化有限公司北京分公司
4616,中关村,上海康缦投资有限公司
4624,朝阳望京地铁站附近,北京天维科技有限公司
4630,北京市东城区朝阳门银河SOHO D座51102、51103 地铁2号线、6号线G口出,南京云帐房网络科技有限公司
4631,北京市东城区朝阳门银河SOHO  D座11层 51102,南京云帐房网络科技有限公司
4632,北京市朝阳区广渠路3号竞园商九,北京淘梦网络科技有限责任公司
4633,北京海淀区成府路华清商务会馆,北京超萌国际文化有限公司
4636,北京市朝阳区安定路33号化信大厦A座1009,北京蜂鸟视图科技有限公司
4637,北京市东城区,北京华翔联信科技有限公司
4638,创远路36号院朝来科技园14号楼5层,北京畅行信息技术有限公司
4644,北京市远洋国际中心C座1706室,钧云(上海)网络科技有限公司
4647,北京市海淀区西小口路66号中关村东升科技园北领地E-1、E-2座,有车（北京）新能源汽车租赁有限公司
4652,北京市朝阳区惠新东街甲2号住总地产大厦8层,三角兽(北京)科技有限公司
4654,北京市朝阳区霄云路28号2号楼网信大厦10层,北京联合货币兑换股份有限公司
4663,海淀区农大南路硅谷亮城4号楼705,北京大刚信息科技有限公司
4664,北京市朝阳区媒体村天翠园5号楼1单元302室,北京放马国际教育文化有限公司
4666,北京市东城区南河沿大街南湾子16号,无讼网络科技(北京)有限公司
4667,北京市朝阳区永安里建外soho西区12号楼2706,北京联云天下科技有限公司
4669,中关村soho  610室,北京华樾教育科技有限公司
4670,北京市朝阳区望京东园保利国际广场T3四层402,北京凯声文化传媒有限责任公司
4672,北京市东城区东四十条元嘉国际大厦3层303室,信用宝金融信息服务(北京)有限公司
4675,北京市朝阳区工体东路16号,中国图书进出口(集团)总公司
4680,北京市海淀区中关村大街59号人大文化大厦5层,中盈优创资讯科技有限公司
4682,北京市东城区鼓楼外大街27号飞创大厦,北京兴财信息技术有限责任公司
4687,北京市朝阳区建国路77号华贸中心3座6层603-605室,北京跃科人才服务有限公司
4688,北京市东城区和平里西街51号雍和壹中心A座4号楼 游族网络三,北京风火互娱科技有限公司
4691,丰台区丰台北路18号院恒泰中心写字楼C座22层,中冀投资股份有限公司
4693,北京市朝阳区东大桥路8号SOHO尚都北塔B座811,北京鸥桥世纪科技有限公司通州分公司
4695,北京/上海/深圳,北京华大九天软件有限公司
4697,中国北京市朝阳区白家庄东里23号A栋,北青传媒股份有限公司
4698,北京市朝阳区广顺大街16号东煌大厦B座19层,易到用车
4699,北京市朝阳区望京方恒国际C座1707,北京睦合达信息技术股份有限公司
4701,北京市海淀区中关村科学院南路10号,北京中科晶上科技有限公司
4705,北京海淀区杏石口路65号益园C区11号楼西段二层,北京基石生命科技有限公司
4706,北京市海淀区中关村南大街甲6号铸诚大厦1301,萝卜太辣(北京)科技有限公司
4708,北京海淀区中关村鼎好大厦A-801,北京蓝海巨浪科技有限公司
4713,北京市朝阳区裕民路甲3号,国家网络安全应急工程技术研究中心
4714,北京市海淀区中关村南路2号骏马国际写字楼5层,北京品科技术有限公司
4717,北京市海淀区清华科技园科技大厦C座18层,启迪汇智(北京)投资管理有限公司
4718,北京市海淀区永定路88号8层A02,北京全信科工科技发展有限公司
4722,北京市海淀区上地东路35号颐泉汇写字楼1-222室,北京铂金智慧网络科技有限公司
4725,北京市朝阳区来广营诚盈中心3号楼,北京一览科技有限公司
4726,北京东城区和平里东街11号8号楼10层D区,北京元心科技有限公司
4728,北京市朝阳区常营常惠路6号V中心E座1218室,北京粒子互娱网络科技有限公司
4731,北京市朝阳区安定路化信大厦,北京优天下科技股份有限公司
4734,北京市朝阳区三元桥曙光西里甲1号第三置业大厦B-1706,北京知因智慧数据科技有限公司
4735,北京市海淀区上地东路29号留学生创业园二标B座5层,东方宇阳信息科技(北京)有限公司
4742,北京-海淀区-上地信息路22号-上地科技综合楼东区2层,北京仁光科技有限公司
4744,北京中恒国信百联信息技术有限公司,北京中恒国信百联信息技术有限公司
4745,北京海淀区上地五街,北京志联利盟科技发展有限公司
4746,北京市海淀区中关村南湖北大厦18层,北京象翌微链计算技术有限公司
4747,北京市海淀区宝盛南路1号奥北科技园20号楼8层南,北京格灵深瞳信息技术有限公司
4751,北京市海淀区中关村南大街甲18号北京国际大厦C座13层,北京数洋智慧科技有限公司
4752,北京市西城区合生财富广场,北京汉雅天诚教育科技有限公司
4758,东四十条,北京优在创信息技术有限责任公司
4763,王府井大街99号世纪大厦A座,中国船级社实业公司
4764,北京市丰台区丰台北路18号C座508室,首页大数据科技股份有限公司
4773,北京市朝阳区朝外大街20号联合大厦506,博易智讯（北京）信息技术有限公司
4774,北京市朝阳区北苑路甲13号院1号楼北辰泰岳大厦13层,北京安纳西科技有限公司
4775,北京市海淀区中关村东路95号自动化大厦4层,北京春天影视科技有限公司
4777,北京市海淀区银网中心B座10楼1017B,北京红赢科技有限公司
4780,北京市朝阳区大郊亭桥南街3号院1号楼朗姿大厦3层,北京中视启明文化传媒有限公司
4783,北京市海淀区西北旺东路10号院东区1号楼云计算创新基地107室,北京易捷思达科技发展有限公司
4787,北京市朝阳区朝外大街乙12号昆泰国际大厦2501,北京凯峰数据科技有限公司
4788,北京市朝阳区望京北路9号 叶青大厦,北京我爱出行科技服务有限公司
4789,北京市西城区木樨地白云路1号白云大厦1层国际合作中心,国诚信征信有限公司
4791,北京市海淀区知春路106号太平洋国际大厦16层1602室,北京秀友科技有限公司
4799,北京市朝阳区望京利泽中园二区203号洛娃大厦B座2层205室,双创普惠(北京)商贸有限公司
4802,北京市海淀区知春路9号坤讯大厦3层302室,北京福卡斯特信息技术有限公司
4803,北京市东城区东四南大街157号-6,叮当快药科技集团有限公司
4807,北京市朝阳区北苑路甲13号院北辰泰岳大厦1塔14层,北京国信安石科技有限责任公司
4808,北京市海淀区西直门北大街甲43号金运大厦B座9F,中企品研（北京）品牌顾问股份有限公司
4813,北京市朝阳区青年路7号院达美中心,北京都秀网络科技有限公司
4815,北京市丰台区南四环西路128号诺德中心2号楼1210室,北京贸促通国际资讯有限公司
4816,北京市海淀区西小口66号东升科技园B2楼,北京转转精神科技有限责任公司
4819,中关村软件园,北京学知汇科技有限公司
4821,北京朝阳门丰联广场,北京智教通联科技有限公司
4822,将台路5号普天创新园5号楼,北京青麦科技有限公司
4825,北京市朝阳区酒仙桥北路甲10号院106号楼荣之联大厦3层,北京车网互联科技有限公司
4831,北京市朝阳区西大望路甲12号国际广告产业园AB栋二层 妙健康,北京妙医佳信息技术有限公司
4833,北京市东城区东长安街1号东方广场西一办公楼八层7室,资舟控股有限公司
4836,北京市海淀区永泰庄甲一号综合楼建金商厦4层10-11,北京创源微致软件有限公司
4839,北京市朝阳区关东店28号宫霄国际中心11层(整层),北京筷易采供应链管理有限公司
4848,北京市朝阳区裕民路12号E1座617,昊天能源科技有限公司北京分公司
4850,北京市西城区新街12外大街28号A座5层,上海诺亦腾影视科技有限公司
4854,北京市海淀区西杉创意园,北京航宇创通技术股份有限公司
4858,北京市丰台区北京南站路2号院1号楼供销弘泰大厦14层,中金支付有限公司
4859,北京市海淀区中关村大街15-11号B2层C02室,北京缔联科技有限公司
4861,北京市朝阳区北苑路北美国际商务中心D座4层B区,赛亚人(天津)网络技术有限公司北京科技分公司
4863,北京市昌平区北大医疗产业园2号楼5层,北京吉因加科技有限公司
4864,中投元邦资产管理(北京)有限公司,中投元邦资产管理(北京)有限公司
4871,北京市海淀区农科院西路6号 江山控股大厦A座4层,北京市国路安信息技术股份有限公司
4872,北京市海淀区中关村东路66号世纪科贸大厦B座9层,布比(北京)网络技术有限公司
4875,北京市海淀区车道沟1号青东商务区C座3层,北京数字太和科技有限责任公司
4876,北京市朝阳区三丰北里1号悠唐国际A座8层,睿智合创(北京)科技有限公司
4892,北京市海淀区左岸工社11层1105,北京国承万通信息科技有限公司
4893,北京市海淀区中关村东路18号财智国际大厦C-1511,北京华生恒业科技有限公司
4895,北京市丰台区槐树岭4号院创成大厦5层,北京儒奥医疗科技有限公司
4896,北京市海淀区上地五街9号方正大厦,北京北大方正电子有限公司
4897,北京市朝阳区和平街北口（北京服装学院）3号楼317室,北京众智京鹭信息技术有限公司
4898,北京市海淀区中关村东路18号财智大厦A座16层,北京珞安科技有限责任公司
4899,虎特信息科技（上海）有限公司北京分公司,虎特信息科技(上海)有限公司北京分公司
4902,南京市高新开发区星火路10号人才大厦C座11楼,南京阿森泰科生物技术有限公司
4903,海淀区中关村大街1号海龙大厦3层,北京地平线信息技术有限公司
4905,北京市海淀区中关村南36号18层,北京象翌微链计算技术有限公司
4906,北京市海淀区中关村南大街湖北大厦18层,北京象翌微链计算技术有限公司
4910,北京市海淀区知春路,北京快跑信息科技有限公司
4911,北京市丰台区南四环西路186号汉威国际广场3区6号楼502,全讯汇聚网络科技(北京)有限公司
4912,北京市昌平区中关村生命科学园28号博达高科技大厦5层,北京毅新博创生物科技有限公司
4915,北京市海淀区成府路45号智造大街A座4层,昆仑智汇数据科技(北京)有限公司
4916,北京市西城区珠市口西大街105号,北京北箱信发包装有限公司
4918,北京市海淀区马甸东路17号金澳国际大厦18层,北京众荟信息技术股份有限公司
4939,北京市大兴区经济技术开发区景园北街2号7幢02号楼,北京亿隆汇诚投资管理有限责任公司
4947,北京市西城区西直门外大街金贸大厦A座1826,山海紫螺(北京)科技有限公司
4966,北京海淀安宁庄西三条雅美科技园A座一层,北京大千阳光数字科技股份有限公司
4975,光谷国际广场,北京得瑞领新科技有限公司
4978,海淀区知春路,北京宏达威爱教育科技有限公司
4979,中国北京市朝阳区建国路甲92号世茂大厦24层,中国广视索福瑞媒介研究有限责任公司
4984,北京市海淀区花园东路15号旷怡大厦602,北京和立健信科技有限公司
4992,北京市海淀区北四环保福寺桥中关村东路66号世纪科贸大厦或北京市丰台区南四环西路188号一区5号楼(园区),北京铁道工程机电技术研究所股份有限公司
5001,北京市海淀区知春路锦秋国际大厦B座,北京多格科技有限公司
5003,北京朝阳区广顺北大街33号院一号楼福码大厦B座12层和A座19层,世纪乐知（北京）网络技术有限公司
5006,北京市海淀区中关村大街15-11号创业公社B2-F01,大锤资产
5010,北京市朝阳区东三环中路20号乐成中心A座25层,众筹宝网络科技(北京)有限公司
5022,北京市海淀区北清路68号院8号楼1层106室,兴华永恒(北京)科技有限责任公司
5026,海淀区中关村南大街2号数码大厦A座28层,硅谷数模半导体(北京)有限公司
5027,北京市海淀区北四环中路229号-海泰大厦-西门北2层-盛世科技,北京盛世创先科技股份有限公司
5029,北京市朝阳区慈云寺,润开(北京)科技有限公司
5032,北京市北京经济技术开发区宏达北路12号创新大厦B座3区418,北京安百胜生物科技有限公司
5041,北京市西城区长椿街3号院内3号楼2层,瑞林嘉驰（北京）基金管理股份有限公司
5042,北京市海淀区清华科技园学研大厦B1005、1007室,北京得意音通技术有限责任公司
5043,北京市海淀区中关村大街甲38号1号楼B座9层050号,北京红赢科技有限公司
5045,北京市朝阳区青年路达美中心T4栋15层,北京奋青榜科技有限公司
5046,北京市北京经济技术开发区经海二路29号院1号楼1层101室,驭风翔云(北京)航空科技有限公司
5047,北京市朝阳区芍药居35号,国家安全生产监督管理总局信息研究院
5054,北京市朝阳区酒仙桥中路18号国投信息产业科技园,人人公司（Renren Inc．）
5059,北京昌平沙河北京科技经营管理学院 东时教育,北京名博教育科技有限公司
5069,北京市海淀区中关村南大街12号天作国际中心A座9层,科盾科技股份有限公司北京分公司
5070,北京市朝阳区酒仙桥12号兆维大厦8层,北京迅达云成科技有限公司
5072,北京石景山路乙18号院,国广东方网络(北京)有限公司
5073,北京市朝阳区北苑媒体村天畅园C8号楼1502,北京智尚美品牌科技有限公司
5075,北京市海淀区成府路28号优盛大厦A座15层,北京昆仑联通科技发展股份有限公司
5079,北京市海淀区北三环中路43号院,北京春秋永乐文化传播股份有限公司
5092,北京市海淀区上地东路1号盈创动力E座701,扬州新讯科技有限公司北京分公司
5095,北京财佰通创新科技研究院有限公司,北京财佰通创新科技研究院有限公司
5103,北京市朝阳区清河营南街7号院华贸天地,北京中浦天投科技有限公司
5105,东城区朝阳门,北京中软联动科技有限公司
5107,北京西城区宣武门外大街甲1号环球财讯中心B座4层,中国供销农产品批发市场控股有限公司
5108,北京市海淀区中关村东路18号中心座3201,北京中存超为科技有限公司
5110,回龙观地铁站附近,北京唯泰立管理咨询有限公司
5111,北京市朝阳区望京浦项中心7C-7D（面试携带身份证需在大堂登记）,北京烽火万家科技有限公司
5112,北京市海淀区海淀大街38号银科大厦,北京中联创投电子商务有限公司
5115,北京,宝清县虎盟网络科技有限公司
5117,海淀区学院路30号科大天工大厦A座20层,梆梆金服(北京)科技有限公司
5119,北京市海淀区上地信息路甲28号科实大厦A座08C1室,北京东方飞鸿新元信息技术有限公司
5121,北京市朝阳区 安定路33 号化信大厦A座1102室,中科博宏(北京)科技有限公司
5122,北京市朝阳区定福庄东街1号中国传媒大学（主校区）42号楼2层,北京大学创新研究院
5124,北京市海淀区中关村东路8号东升大厦,北京允睿讯通科技有限公司
5125,北京市海淀区上地信息产业基地信息路7号弘源首著1号楼501室,北京炎黄盈动科技发展有限责任公司
5126,北京市朝阳区北苑路91号慈铭大厦A办公区4027-4028,北京医拍智能科技有限公司
5127,北京市朝阳区大屯里317号金泉时代广场1单元1211室,北京医拍智能科技有限公司
5132,北京市,昶鑫国际投资控股(北京)有限公司
5133,北京市海淀区东北旺西路8号院25号楼立思辰大厦,北京立思辰科技股份有限公司
5134,北京市海淀区科贸电子城B座10层,智融信远(北京)科技有限公司
5135,北京市海淀区西三环北路27号北科大厦11层西区,北京易麦克科技有限公司
5137,北京市海淀区上地信息路11号1栋1层104～106室,北京敏思科技有限公司
5140,北京市丰台区右安门东庄幸福二巷18号院,天平阳光文化传媒(北京)有限公司
5142,北京市海淀区花园路2号院4号楼503室,天津中科虹星科技有限公司
5144,北京市海淀区西小口中关村东升科技园B2号楼A区3层,北京忆恒创源科技有限公司
5149,北京市海淀区上地七街信息路1号国际创业园A栋5层,北京国基科技股份有限公司
5153,北京,西安睿群信息技术有限公司
5154,北京市海淀区 上地信息路1号 国际创业园A座4层,北京国基科技股份有限公司
5159,北京市丰台区北京南站路2号院1号楼供销弘泰大厦13层、14层、15层,中金支付有限公司
5160,北京市亦庄经济技术开发区经海一路科创14街20号院2号楼 中,中金支付有限公司
5169,北京市海淀区中关村科技园11号楼中科大洋大厦3层,北京人人时代科技有限公司
5174,北京,北京科锐创仕企业管理咨询有限公司
5179,上地开拓路1号汇苑开拓大厦西门B座A01层1021,北京首金中小微企业金融服务有限公司
5180,北京市海淀区上地金隅嘉华大厦E座,北京上元信安技术有限公司
5182,北京市海淀区成府路28号优盛大厦,北京云杉世纪网络科技有限公司
5184,北京市朝阳水南庄壹号,万摩数字科技(北京)有限公司
5186,北京市海淀区交大东路31号院C座3层（质量管理学院）,微诺时代(北京)科技股份有限公司
5194,北京市朝阳区东大桥路甲8号尚都国际中心A座（规模较大，多处办公，含开发区及分子公司）,网家科技有限责任公司
5209,北京市海淀区,智擎信息技术（北京）有限公司
5211,北京市 海淀区,智擎信息技术（北京）有限公司
5220,北京市西城区鼓楼西大街铸钟胡同50号,北京信复创值投资管理有限公司
5222,北京市海淀区北土城西路197号北京联合大学应用文理学院,联科集团-联智科技（北京）有限公司
5223,北京市海淀区西二旗西路2号院领秀新硅谷B区71号楼107室,北京炫我科技有限公司
5224,北京市朝阳区工体北路甲二号  盈科中心裙房办公楼1-4层,北京猎户星空科技有限公司
5226,中国北京朝阳区亮马桥路32号 北京高斓大厦1220室,北京科安德网络技术有限公司
5227,北京市海淀区上地三街嘉华大厦F座203,银科环企软件(苏州)有限公司
5228,北京市海淀区北坞村路北坞创新园中区六号楼,诺华视创电影科技(江苏)股份有限公司北京分公司
5231,北京市丰台区洋桥12号院3层至19层 ,北京值得买科技股份有限公司
5232,北京市海淀区知春路7号致真大厦C座14层,中电数据服务有限公司
5233,北京市朝阳区望京阜通东大街1号望京soho，塔2，B座20层,北京陌陌信息技术有限公司
5234,北京市朝阳区建外SOHO东区8号楼1802室,北京优旅网络科技有限公司
5236,北京市东城区朝阳北大街8号富华大厦D座8层,乐约信息科技(上海)有限公司
5237,北京市朝阳区望京街9号望京国际中心F座A218,北京图盟科技有限公司顺义分公司
5238,北京市海淀区上地三街9号嘉华大厦901,北京威努特技术有限公司
5239,北京市海淀区上地信息路1号国际创业园,北京艾科网信科技有限公司
5244,朝阳区红军营南路天朗园C座汇中广场3层,北京拓课网络科技有限公司
5247,北京市海淀区中关村丹棱街18号创富大厦7层,朴新教育科技集团有限公司
5248,北京市朝阳区三元桥第三置业大厦B-2801,北京牛投邦科技咨询有限公司
5251,北京市朝阳区望京悠乐汇E座,中帮金融服务外包(北京)有限公司
5252,顺义区双河大街99号北京汽车研发基地,北京汽车集团有限公司新技术研究院
5253,北京市朝阳区东三环北路6号 汇佳大厦7层,时代嘉华(中国)科技有限公司
5254,北京市朝阳区三里屯SOHO写字楼C座20层,北京该亚科技股份有限公司
5255,北京市环湖小镇西商6号,银弗(北京)科技有限公司
5256,北京市朝阳区太阳宫大厦21层,北京小唱科技有限公司
5257,朝阳区东三环北路19号中青大厦,媒之易(北京)网络科技有限公司
5262,北京市海淀区王庄路1号清华同方科技广场,北京朗势科技有限公司
5263,北京市朝阳区四惠东通惠大厦A座501,中望金服信息科技(北京)有限公司
5264,北京市海淀区西小口路66号中关村东升科技园C-2号楼二层202c室,北京致臻智造科技有限公司
5266,北京市朝阳区通惠河北路31号泰珍嘉大厦6层,北京指尖美景传媒广告有限公司
5267,北京市海淀区西三环北路11号海通时代商务中心A3栋4层,北京天安未来科技有限公司
5269,北京市海淀区西三环世纪经贸大厦B座1506,华软盛世(北京)科技有限公司
5270,北京市海淀区中关村南大街2号数码大厦A座2001,统一通信（苏州）有限公司
5272,北京市海淀区上地信息路甲28号科实大厦D座601,北京维泰明辉信息技术有限公司
5276,北京市海淀区上地西路6号联想北研大厦,北京联想超融合科技有限公司
5279,北京市海淀区中关村南一条四号轩宇信息5层,北京轩宇信息技术有限公司
5281,和平区南堤西路905号中海国际中心,沈阳艾尔时代科技发展有限公司
5283,北京市丰台区南四环西路188号7区18号楼 中电传媒大厦,中国电力传媒集团有限公司
5284,海淀区邓庄南路9号,中国科学院空间应用工程与技术中心
5286,北京市海淀区皂君庙14号院1号楼3层,北京全网数商科技股份有限公司
5287,北京市海淀区清华科技园科技创业大厦806A,北京世纪鼎点软件有限公司
5290,成都锦江区滨江东路9号香格里拉办公大楼18楼,成都美和教育咨询有限公司
5293,北京市海淀区高粱桥斜街59号院2号楼305室,北京新联铁集团股份有限公司
5294,北京市东城区白桥大街15号嘉禾国信大厦9层,北京东方金信科技有限公司
5296,北京市朝阳区佳境天城大厦B座2305室,北京阿拉丁未来科技有限责任公司
5297,安徽省合肥市高新区创新产业园二期H8栋,北京顺源开华科技有限公司
5299,朝阳区住邦2000,上海华点云生物科技有限公司
5301,锐创大厦,北京清英咨询有限公司
5304,昌平区东小口镇马连店村流星花园一区66号楼03A,凡特仁(北京)科技有限公司
5308,北京市海淀区中关村南大街铸诚大厦1304,北京太阳园科技有限公司
5310,朝阳区阜安路与宏泰东街交汇处（五元桥西南侧大望京公园旁）望京保利国际广场T2-301,北京掌付科技有限公司
5311,朝阳三元桥天元港中心B座,彩虹无线(北京)新技术有限公司
5315,北京海淀区上地信息路,北京天酬视觉企业形象设计有限公司
5316,北京市朝阳区望京科技创业园F座2层,八爪鱼互动(北京)科技有限公司
5317,北京海淀,南方科技大学
5319,北京市海淀区清华同方科技广场B座902,珠海安润普科技有限公司
5323,北京市海淀区上地中关村软件园一期9号楼,北京艾瑞思机器人技术有限公司
5325,北京市海淀区复兴路21号1幢七层北701,北京融汇金信信息技术有限公司
5326,北京市丰台区汽车博物馆东路通号产业园,北京通号国铁城市轨道技术有限公司
5329,北京市海淀区罗庄北里锦秋家园9#504,安泰得(北京)软件科技有限公司
5330,北京市朝阳区建国路77号华贸中心3号写字楼1201A,北京三点一刻科技有限公司
5331,北京市海淀区西四环中路16号院7号楼15层,北京航天云路有限公司
5333,北京市海淀区人大北路33号大行基业大厦1606,北京社文科技有限公司
5335,北京市朝阳区西大望路1号温特莱中心B座1608,中金云金融(北京)大数据科技股份有限公司
5339,北京丰台区嘉城商务中心D座,北京巨龙伟业投资管理有限公司
5340,北京市朝阳区望京soho-T3-B座31层,北京触控科技有限公司
5344,北京市中关村南三街6号中科资源大厦南楼四层,北京柏谊信息科技有限公司
5347,北京市朝阳区建国门外大街1号国贸写字楼,重庆誉存大数据科技有限公司
5349,北京广益三文教育科技有限公司,北京广益三文教育科技有限公司
5350,北京市朝阳区建国路79号华贸写字楼2座1407室,北京瑞合海跃品牌策划有限公司
5352,北京市丰台区南四环西路128号诺德中心2座25层2507,北京华创互联科技股份有限公司
5358,"北京市东城区朝阳门银河soho,d座6层50605",北京招通致晟软件技术有限公司
5359,北京市昌平区TBD云集中心,北京信联科汇科技有限公司
5360,北京市朝阳区光华路4号东方梅地亚C座1510,北京爱接力科技发展有限公司
5373,中国北京经济技术开发区荣昌东街甲1号,中国机动车辆安全鉴定检测中心
5374,北京市朝阳区建国路56号天洋运河壹号D2栋,益科正润金控投资集团有限公司
5375,北京市朝阳区东五环内七棵树创意园C3,北京非凡影界文化传媒股份有限公司
5376,北京市海淀区上地五街九号方正大厦,北京北大方正电子有限公司
5377,北京市朝阳区地铁1号线永安里--华彬中心,北京奥金智策传媒科技有限公司
5379,北京市海淀区中关村东路1号清华科技园科技大厦A座18层,人人贷商务顾问(北京)有限公司
5381,北京市海淀区海淀新技术大厦10层1000,先花信息技术(北京)有限公司
5382,朝阳区北三环东路8号静安中心1911,北京汉云优品科技有限公司
5383,海淀区邓庄南路9号中科院新技术基地,中国科学院空间应用工程与技术中心
5385,北京市海淀区北清路68号用友软件园B座,北京用友审计软件有限公司
5390,北京市北清路1号珠江摩尔大厦6号楼（生命科学园地铁站北500米）,互腾(北京)科技有限公司
5391,北京市昌平区沙河地铁站,北京瑞合实创科技发展有限公司
5394,北京市朝阳区北三环东路甲2号京信大厦2421,北京蛙鸣华清环保科技有限公司
5395,北京市东城区东直门内大街6-1号楼,北京哈哈镜电子商务有限公司
5396,北京海淀区北坞村路23号北坞创新园北区五号楼,北京奇客创想科技股份有限公司
5400,北京市海淀区双清路甲79号配楼A515室,北京悦图遥感科技发展有限公司
5404,北京市西城区 西环广场,云天弈(北京)信息技术有限公司
5406,北京市海淀区西四环北路158号慧科大厦东区9层A室,北京远鉴科技股份有限公司
5407,北京市朝阳区东三环中路9号富尔大厦12层,成都动鱼数码科技有限公司
5408,昌平区回龙观科星西路106号院国风美唐,优保联(北京)科技有限公司
5410,北京市海淀区高里掌路翠湖科技园云中心12号楼,北京翼辉信息技术有限公司
5412,山东省临沂市北城新区IEC国际企业中心2431室,山东扬速电子商务集团有限公司
5415,新源南路8号启皓北京西塔11层,特斯联(北京)科技有限公司
5421,北京市海淀区车公庄西路乙19号十六层11号,航天中认软件测评科技(北京)有限责任公司
5423,北京市东城区王府井,北京择优文化传媒有限公司
5424,北京市朝阳区来广营广顺北大街5号融创产业园B座,北京书生云科技有限公司
5426,北京市朝阳区工体北路甲6号中宇大厦301,北京倍飞视国际视觉艺术交流有限公司
5428,北京市朝阳区望京街阜通东大街1号院望京SOHO T3B座 22层,北京睿智融科控股有限公司
5430,内蒙古呼和浩特市赛罕区东影南路博雅大厦三楼,内蒙古云科数据服务有限公司
5432,北京市朝阳区惠河南街国投尚科大厦1层112室,泰德网聚(北京)科技股份有限公司
5437,北京市朝阳区三元桥天元港中心A座10层,北京好赞移动科技有限公司
5441,北京市西城区木樨地白云路1号白云大厦1层,国诚信征信有限公司
5442,南通市经济技术开发区新东路9号智慧园,智锐达仪器科技南通有限公司
5446,北京市海淀区北四环西路中关村国际创新大厦508室,北京智云奇点科技有限公司
5450,中基新东方写字楼b座（挨着地铁1号线国贸站）,北京信通泰克科技有限公司
5452,北京市海淀区北四环西路58号理想国际大厦708室,金雅拓（Euronext NL 0000400653 GTO）
5453,北京市经济技术开发区经海五路58号院数字工场5号楼1-2层,北京天地互连信息技术有限公司
5454,丰台区万丰路316号万开中心A519室,经纶世纪医疗网络技术(北京)有限公司
5456,浦东新区陆家嘴东路161号2704室,锐汇(上海)资产管理有限公司
5457,北京市朝阳区望京广顺南大街16号院1号楼22-23层,北京鼎力创世科技有限公司
5458,北京市昌平区北七家镇宏福大厦811,奥美德诺(北京)基因科技有限公司
5459,北京市来广营诚盈中心6号楼5层,北京你我他互学数据科技股份有限公司
5460,北京市朝阳区望京东园四区绿地中心（中国锦）11号楼26层,北京睿至大数据有限公司
5463,北京市海淀区大钟寺东路9号,北京深醒科技有限公司
5468,北京朝阳区太阳宫中路8号冠捷大厦12层,北京和堂金服科技股份公司
5470,北京经济技术开发区永昌中路8号经纬科技园,北京经纬纺机新技术有限公司
5471,北京市朝阳区北三环东路8号静安中心19楼,北京汉云优品科技有限公司
5472,北京市海淀区知春路63号中国卫星通信大厦东塔3层（知春里地铁站B出口）,北京精准沟通传媒科技股份有限公司
5476,北京市西城区鼓楼西大街41号6幢（北京自动化研究院内）,中国医学论坛报社
5477,北京市朝阳区酒仙桥北路甲10号院105号楼（电子城IT产业园内）,北京五八信息技术有限公司
5480,北京市海淀区花园路2号牡丹科技大厦A座310、B座309、310,北京元恒时代科技有限公司
5481,北京市朝阳区东三环南路58号富顿中心A座1215室,上海贝泰电子信息技术有限公司北京分公司
5482,北京市朝阳区红军营南路15号院瑞普大厦C座 1603-1703,北京金源茂丰新技术开发有限公司
5485,北京市丰台区菜户营桥58号财富西环大厦1604,北京太格时代自动化系统设备有限公司
5490,北京,南京华盾电力信息安全测评有限公司
5491,北京市海淀区苏州街18号长远天地大厦A1座906室,北京无极慧通科技有限公司
5501,海淀区花园北路35号健康智谷大厦9层,臻和(北京)科技有限公司
5505,北京市海淀区中关村南一条甲一号中科爱克三楼,人民澳客传媒科技有限公司
5506,丰台区丰台北路18号院恒泰商务中心C座11层1112,北京物联银汇数据科技有限公司
5520,北京市西城区新街口外大街28号院C座600号,北京正安维视科技股份有限公司
5521,北京市朝阳区安定路5号天圆祥泰大厦A座801室,恒耀惠荣股份有限公司
5523,北京市石景山区实兴大街30号院16号楼10层1008室,盈嘉互联（北京）科技有限公司
5525,北京市朝阳区朝外soho,神州伯乐(北京)管理咨询有限公司
5526,南京市秦淮区白下高新园区中国云计算创新基地,南京网感至察信息科技有限公司
5527,北京市海淀区茶棚路2号,北京兴科迪科技有限公司
5531,北京朝阳区通惠河北路31号泰珍嘉大厦4楼,北京医华移动医疗科技有限公司
5533,北京朝阳区朝外soho C座,烟台欣和企业食品有限公司
5534,北京市海淀区中关村智造大街G座,北京领骏科技有限公司
5537,北京市朝阳区酒仙桥路14号兆维大厦2层北区201-202室,北京佳明航电科技有限公司
5539,北京市海淀区北清路用友产业园,用友能源科技有限公司
5541,西土城路1号院1号楼泰富酒店写字楼6楼,易安财产保险股份有限公司
5545,北京市丰台区南四环西路188号16区4号楼,成都卫士通信息产业股份有限公司北京分公司
5548,北京市朝阳区望京SOHO T1 A座 1511,北京热云科技有限公司
5551,北京市海淀区中关村软件园互联网创新中心五层503A(西北旺东路10号院东区5号楼),优讯时代(北京)网络技术有限公司
5552,北京市海淀区西小路66号东升科技园D-3楼209室,北京居诺技术开发中心
5562,北京市海淀区西四环北路158号慧科大厦东区5层5C,北京远鉴科技股份有限公司
5567,北京市海淀区中关村东路世纪科贸大厦B座905,北京众签科技有限公司
5601,泸州市高新区酒谷大道五段19号,泸州倍赛达科技有限公司
5608,北京市海淀区蓝靛厂东路金源时代商务中心B区15层,北京鸿湾科技发展有限公司
5611,北京市朝阳区东风南路20号898创新空间五号楼,北京谛听文化传媒有限公司
5614,北京市东城区雍和大厦B座15层,北京酷云互动科技有限公司
5616,北京市房山区大窦路12号,北京网络职业学院
5619,北京市朝阳区启阳路金辉大厦16层,北京麦达数字技术服务有限公司
5620,万寿路27号院,工信通(北京)信息技术有限公司
5622,北京市海淀区蓝靛厂东路2号金源商务中心B座3D,龙信数据(北京)有限公司
5630,天津市东丽区空港经济区环河北路76号商务园西区,天津环融集团有限公司
5632,北京市海淀区西四环北路160号玲珑大厦D座3-5层,全国中小学教师继续教育网
5634,石家庄开发区湘江道39号国家动漫孵化园,河北铸梦文化传播有限公司
5635,北京市东城区南河沿大街86号紫金宫饭店501,无讼网络科技(北京)有限公司
5644,北京市东三环亮马桥琨莎中心15F,中金慈云健康科技有限公司
5649,上海象理数据服务有限公司北京分公司,上海象理数据服务有限公司北京分公司
5650,东城区 王府井大街99号 世纪大厦A座,北京联游艺电科技有限公司
5656,北京市朝阳区望京SOHO T2-B座-1706,日志易
5658,北京市海淀区万柳中路11号派顿大厦六层,北京尚客传媒科技有限公司
5666,北京昌平区珠江摩尔大厦6号楼1单元907,北京深蓝海域信息科技有限公司
5668,北京市朝阳区合生麒麟社10号楼,北京天维科技有限公司
5679,朝阳区酒仙桥北路甲10号院105号58集团总部东楼,北京逸生活技术服务有限公司
5687,北京市东城区朝内大街298号,北京国研数通软件技术有限公司
5696,北京朝阳区西坝河南路甲1号新天第大厦B座1005,北京极客创游科技有限公司
5700,北京市朝阳区东四环中路78号大成国际中心D座 507-2,京蒙汇聚(北京)科技发展有限公司
5702,元素征信有限责任公司,元素征信有限责任公司
5704,北京市海淀区长春桥路11号万柳亿城中心C1座1002,北京芯盾时代科技有限公司
5709,公司地址 ：北京市北京市西城区西直门外大街西环广场T2，22层,北京爱农驿站科技服务有限公司
5711,南京市花神大道21号3楼,凯易讯网络技术开发(南京)有限公司
5712,"朝阳,望京,嘉美写字楼1023",北京龙创腾达科技有限公司
5717,北京市西城区德胜门外大街83号德胜国际中心B座5层,天江智媒科技(北京)有限公司
5722,北京市海淀区首体南路1号,北京中盾安全技术开发公司
5734,北京朝阳区望京阜通东大街6号方恒国际中心B座507,神州灵云(北京)科技有限公司
5738,北京市丰台科技园海鹰路6号院31号楼中金环球大厦,北京福安华生物科技有限公司
5757,北京市海淀区知春路56号中航科技大厦4层,北京博创联动科技有限公司
5762,北京知春路碧兴园小区2号楼-606,北京联合永道软件股份有限公司
5765,北京市西城区西直门内大街,现在(北京)支付股份有限公司
5769,北京市朝阳区酒仙桥,北京优仕美成管理咨询有限公司
5775,朝阳区，地铁1号线永安里--华彬中心6层,北京奥金智策传媒科技有限公司
5778,西三环北路87号国际财经中心D座,国金基金管理有限公司
5790,北京市丰台区南四环西路188号总部广场A座11层,北京博明信德科技有限公司
5792,北京市昌平区朱辛庄华北电力大学,北京华电天德科技园有限公司
5795,北京市海淀区成府路45号中关村智造大街A座303室,芯视界(北京)科技有限公司
5799,北京市朝阳区望京利泽中园二区203号内3号楼7层1703室,华夏天信(北京)智能低碳技术研究院有限公司
5800,北京朝阳区北苑路170号凯旋城7号楼502,北京金凯瑞铭科技有限公司
5801,北京市东城区东直门外大街39院2号楼,寰宇慧旅(北京)科技有限公司
5802,北京市海淀区西二旗盈创动力大厦E座,北京新创娱游科技有限公司
5803,北京市朝阳区广顺南大街19号嘉润花园A座2层 安快创业谷 201室（地铁14号线望京南站A口出/路对面即到）,深圳小辣椒科技有限责任公司
5805,北京市海淀区知春路甲48号盈都大厦A座9层,掌游天下(北京)信息技术股份有限公司
5809,北京市朝阳区望京东路8号锐创国际中心1号楼16层-18层,第一视频集团
5813,北京市海淀区丹棱街6号中关村金融大厦（丹棱SOHO）7层、8层,考拉征信服务有限公司
5817,海淀区苏家坨镇翠湖南环路13号院1号楼,北京大学创新研究院
5824,北京市海淀区东冉北街9号宝蓝金园国际B2-009,银杏树信息技术服务(北京)有限公司
5825,昆仑杰信(北京)科技有限责任公司,昆仑杰信(北京)科技有限责任公司
5829,北京市海淀区知春路盈都大厦c座1层D109,上濒翅膀教育科技(北京)有限责任公司
5839,合肥市政务区万达天鹅湖万达8号楼1506,北京格灵深瞳信息技术有限公司
5848,北京市北京经济技术开发区荣华南路19号1号楼601-05房间,北京唯迈医疗设备有限公司
5850,北京市朝阳区东三环三元桥,云谷(固安)科技有限公司北京分公司
5855,宣武区富卓大厦,上海有师网络科技有限公司
5857,北京市朝阳区北苑路172号欧路大厦A座1101室100101 ,北京浩太同益科技发展有限公司
5859,北京市朝阳区工体北路4号机电院内80号80office3层,北京奇智睿思信息咨询有限公司
5863,北京市朝阳区东三环中路39号华业国际中心A319,大公智慧(北京)科技股份有限公司
5870,北京市海淀区交大东路31号院（质量管理学院）c座3层,微诺时代(北京)科技股份有限公司
5874,海淀区成府路五道口华清嘉园,北京超萌国际文化有限公司
5875,北京市朝阳区安定路33号化信大厦A座1102室,中科博宏(北京)科技有限公司
5883,北京海淀区上地中关村软件园2#楼C座一层CENSOFT,中关村科技软件股份有限公司
5884,北京市海淀区西小口路66号中关村东升科技园B-3号楼五层 ,北京初志科技有限公司
5889,北京市海淀区北京理工大学国防科技园,乘方大数据技术(北京)有限责任公司
5895,朝阳区惠河北路郎家园郎园vintage 21号楼,北京恒赢智航科技有限公司
5896,北京市海淀区复兴路15号中国科学技术信息研究所217室,北京万方软件股份有限公司
5899,北京市朝阳区来广营5号院诚盈中心3号楼,北京一览科技有限公司
5900,北京市朝阳区望京西门子大厦园区,北京多彩投网络科技有限公司
5913,北京市朝阳区酒仙桥路14号兆维工业园区C2-2楼3层,君融贷(北京)信息技术服务有限公司
5918,北京市朝阳区青年路国峰时代,北京九十文化传播有限公司
5937,北京市海淀区北三环中路43号院 永乐文化,北京春秋永乐文化传播股份有限公司
5940,北京市朝阳区工体北路甲二号  盈科中心裙楼办公楼1-4层,北京猎户星空科技有限公司
5948,北京市朝阳区司辛庄路13号光合空间D501,北京鑫互联科技有限公司
5950,北京市海淀区宝盛南路1号奥北科技园20号楼8层815-817,北京格灵深瞳信息技术有限公司
5951,东江湾电商产业园筑库大厦,湖南筑库网信息技术有限公司
5960,北京市朝阳区,深圳米筐科技有限公司
5963,建国门外大街6号  安邦大厦,北京信通泰克科技有限公司
5966,北京市东城区和平里东街11号74号-76号,北京七维视觉科技有限公司
5969,北京市海淀区上地创业中路32号标厂科技园东侧5层,触景无限科技(北京)有限公司
5976,北京市朝阳区东大桥路甲8号尚都国际中心A座1812,北京赞那度网络科技有限公司
5979,北京海淀区；大连高新区；沈阳国际软件园；苏州高新区,英特工程仿真技术(大连)有限公司
5980,安定门东大街28号,北京爱普优邦科技有限公司
5985,昌平北清路珠江摩尔3号楼2单元1506,北京视连通科技有限公司
5989,南京市江宁区东吉大道1号（江宁开发区）,南京全设智能科技有限公司
5990,北京市朝阳区建国门外大街安邦金融中心,北京信通泰克科技有限公司
5991,北京市东城区东直门南大街11号中汇广场C座1108室,耐誉斯凯(北京)科技有限公司
5996,北京市朝阳区霞光里66号远洋新干线A座2501室,北京海鲸科技有限公司
5999,北京市丰台区东铁匠营苇子坑138号2032室,北京俏花旦化妆品有限公司
6063,北京市朝阳区朝阳门外大街丰联广场A座1106,金融工场
6443,北京市海淀区北清路中关村环保科技示范园龙芯产业园,龙芯中科技术有限公司
6444,北京市东城区和平里东街11号航星8号楼10层D区,凌动未来(北京)科技有限公司
6702,北京市朝阳区望京阜通东大街1号院望京SOHO220502,北京安博士信息安全技术有限公司
6704,北京市海淀区北四环中路辅路229号海泰大厦1103室,北京森艾电子技术有限公司
6705,北京市东城区建国门内大街28号民生金融中心D座7层,民生期货有限公司
6706,北京市朝阳区东四环中路37号一层023室,北京京师创产知识产权代理有限公司
