0,大连高新缘梦信息服务有限公司
1,中科软科技股份有限公司
2,同方鼎欣科技股份有限公司
3,北京中油瑞飞信息技术有限责任公司
4,上海仁教信息技术有限公司
5,京东金融
6,店商互联(北京)科技发展有限公司
8,中公教育
9,北京科锐国际人力资源股份有限公司
11,北京千锋互联科技有限公司
12,中企动力科技股份有限公司
13,北京世纪好未来教育科技有限公司
14,北京奇虎科技有限公司
16,中国电子科技集团公司第十五研究所
18,北京中体骏彩信息技术有限公司
19,搜狐媒体
21,新博卓畅技术（北京）有限公司
22,北京简单科技有限公司
23,苏州博纳讯动软件有限公司
24,北京神州云合数据科技发展有限公司
25,北京热点映像文化传媒有限公司
26,京东集团
29,北京欣如信科技有限公司
31,金风科技股份有限公司
32,北京大生知行科技有限公司
33,北京融世纪信息技术有限公司
35,博彦科技股份有限公司
40,达内时代科技集团有限公司
41,中软国际科技服务有限公司深圳分公司
42,文思海辉技术有限公司 Pactera Technology International Limited
45,九次方大数据信息集团有限公司
46,北大方正集团
48,马上消费金融股份有限公司
49,青岛海信电器股份有限公司-海视云
51,航天信息股份有限公司
52,绫致时装（天津）有限公司
55,新浪网
60,北京掌趣科技股份有限公司
61,江苏传智播客教育科技股份有限公司北京分公司
62,北京明特量化信息技术有限公司
63,北京好巧国际旅行社有限公司
64,河南奇酷信息技术有限公司
66,上海甦翔投资咨询有限公司 - 研发中心
70,阳光保险集团股份有限公司
71,北京联想利泰软件有限公司
73,阿里巴巴集团
74,中科富创(北京)科技有限公司
75,世纪文都教育科技集团股份有限公司
76,北京友缘在线网络科技股份有限公司
77,极客学院
78,上海飞观信息科技有限公司
79,北京博派通达科技有限公司
80,小付钱包技术(北京)有限公司
81,北京捷通华声科技股份有限公司
83,小叶子(北京)科技有限公司
84,北京百悟科技有限公司
85,北京多联元信息技术有限公司
86,北京无双科技有限公司
87,多点生活(中国)网络科技有限公司
88,大连信雅达软件有限公司北京办事处
89,北京美洽网络科技有限公司
90,北京能通天下网络技术有限公司
91,北京点石经纬科技有限公司
92,北京佳讯飞鸿电气股份有限公司
94,北京智慧星光信息技术有限公司
96,天津火星文化有限公司北京分公司
98,中博睿智(北京)科技发展有限公司
99,北京迈基诺基因科技股份有限公司
100,北京信达泰和数据技术有限公司
101,北京华信杰通科技有限公司
102,北京中睿天下信息技术有限公司
103,广州杰颉软件科技有限公司
105,大公国际信用评级集团有限公司
106,北京全品文教科技股份有限公司
108,环球合一网络技术(北京)股份有限公司
109,航天星图科技(北京)有限公司
113,精硕科技(北京)股份有限公司
116,郑州软通合力计算机技术有限公司
117,北京华清远见科技信息有限公司
119,博易智软(北京)技术股份有限公司
120,北京大开科技有限公司
121,北京天融信科技有限公司
122,北京盖娅互娱网络科技股份有限公司
123,北京荣之联科技股份有限公司
124,搜狗公司
125,北京智华信科技股份有限公司
127,北京中庆现代技术股份有限公司
130,深圳码隆科技有限公司
131,人人买(北京)网络科技有限公司
132,北京神州泰岳信息工程技术有限公司
133,北京八维研修学院
136,银湖网络科技有限公司
137,北京汇商融通信息技术有限公司
138,极课大数据
139,易第优（北京）教育咨询股份有限公司
142,北京知趣科技有限公司
143,北京墨迹风云科技股份有限公司
144,北京奇安信科技有限公司
145,北京商高科技有限公司
146,北京财经专修学院
147,北京复华卓越商业管理有限公司
148,世纪爱心国际投资集团有限公司
149,北京首都在线科技股份有限公司
150,拓天伟业(北京)资产管理集团有限公司
151,北京若森数字科技有限公司
152,恩梯梯数据(中国)有限公司上海分公司
156,北京睿思博考教育科技有限公司
157,上海诚信互通网络信息科技有限公司
159,北京华云网际科技有限公司
161,北京四通工控技术有限公司
162,北京玩蟹科技有限公司
165,杭州迪普科技股份有限公司北京技术开发中心
167,北京容联易通信息技术有限公司
169,360金融
173,上海宣郝信息技术有限公司
176,星河互联集团有限公司
177,微租联盟(北京)汽车科技有限公司
178,数联道(北京)科技有限公司
179,东信北邮信息技术有限公司
183,北京根网科技有限公司
185,北京斯普信信息技术有限公司
190,北京银河长兴影视文化传播股份有限公司
191,北京思迪康泰科技有限公司
192,找伙伴(北京)信息技术股份公司
193,北京易联戴维企业管理服务有限责任公司
194,北京星河聘快线科技有限公司
195,中电长城网际系统应用有限公司
196,华兴创信(北京)科技有限公司
197,北京国富如荷网络科技有限公司
198,北京银通易汇科技有限公司
199,北京安天网络安全技术有限公司
200,北京图森未来科技有限公司
201,北京斯图飞腾科技有限公司
202,厦门晨华贸易有限公司
203,北京信邦安达信息科技股份有限公司
204,北京焱融科技有限公司
205,律品汇科技（北京）有限公司
207,北京号外科技有限公司
208,北京傲盾软件有限责任公司
209,北京高梓行远科技有限公司
210,乐飞天下信息技术(北京)有限公司
211,北京硬球科技有限公司
212,河北戴纳米克科技有限公司
213,易思互动(北京)科技有限公司
215,超对称(北京)科技有限公司
216,北京原子钟信息科技有限公司
217,果壳网
218,北京未来云科技有限公司
219,北京汇冠新技术股份有限公司
220,北京兴竹同智信息技术股份有限公司
221,Symbio 北京研发中心
222,北京新网数码信息技术有限公司
223,北京中创信测科技股份有限公司
224,中国电信集团系统集成有限责任公司
225,银河互联网电视有限公司
230,北京智软英才管理咨询有限公司
231,北京南天软件有限公司
232,北京战策互动科技有限公司
234,思沃创智信息技术(北京)有限公司
235,郑州三生石科技有限公司
236,同源数智(北京)科技有限公司
237,青松智慧(北京)科技有限公司
238,北京世纪盈联科技股份有限公司
239,优保联(北京)科技有限公司
240,北京布雷恩科技有限公司
241,北京中浦天投科技有限公司
242,北京科浪扑科技发展有限公司
244,北京荣新智客教育科技有限公司
245,北京创客在线教育科技有限公司
246,北京云图智联教育科技有限责任公司
247,北京太一云科技有限公司
248,混沌时代(北京)教育科技有限公司
249,北京阿尔山金融科技有限公司
250,北京汇才同飞软件技术研究院
251,嘉才(北京)企业管理咨询有限公司
252,慕华(北京)网络技术有限公司
253,北京永信至诚科技股份有限公司
254,北京数智源科技股份有限公司
255,河北新龙科技集团股份有限公司
256,东方兴业网络教育服务有限责任公司
258,金电联行（北京）信息技术有限公司
259,北京恒信通诚科技有限公司
262,北京朴素磐石投资管理有限公司
264,北京北亚宸星科技有限公司
265,北京数王科技有限公司
266,北京卓越讯通科技有限公司
267,北京中都格罗唯视物流有限公司
268,北京艾唯博瑞科技有限公司
269,北京造数科技有限公司
271,北京北方金证科技有限公司
273,北京新界教育科技有限公司
274,北京雇德信息科技有限公司
275,国家网络安全应急工程技术研究中心
276,杭州凡闻科技有限公司
278,北京微步在线科技有限公司
279,睿初科技（深圳）有限公司
280,爱贝睿(北京)科技有限公司
281,北京翔博科技股份有限公司
282,南京恒略信息技术有限公司
283,苏州美生元信息科技有限公司
285,北京朗势科技有限公司
286,北京江民新科技术有限公司
287,青岛碎片时代信息技术有限公司
288,北京天广汇通科技有限公司
289,北京软安科技有限公司
290,海数盈智教育科技(北京)有限公司
292,湖南网数科技有限公司
293,北京尚客传媒科技有限公司
294,玫瑰视界(北京)网络科技有限公司
295,北京神黄科技股份有限公司
296,北京恒赢智航科技有限公司
297,北京弘道智慧中医技术有限公司
298,中青健康产业发展有限公司
299,北京上格云技术有限公司
300,北京红枣科技有限公司
301,北京京诚叁佰壹拾伍度网络科技有限公司
303,明医众禾科技(北京)有限责任公司
305,海南大云科技有限公司
306,北京思能科贸有限公司
308,北京新鸿儒世纪网络技术有限公司
309,北京专脑信息技术有限公司
310,北京赛博贝斯数据科技有限责任公司
311,医源国际医院管理有限公司
318,北京一天天教育科技有限公司
319,北京艾亿新融资本管理有限公司
321,北京互联直通网络科技有限公司
322,世纪乐知（北京）网络技术有限公司
323,北京棣南新宇科技有限公司
324,北京未来进程信息技术有限公司
325,首汇焦点(北京)科技有限公司
326,北京索维智能科技有限公司
328,北京大数据研究院
329,北京征晨文化传播有限公司
330,北京唯氧绿色科技有限公司
331,北京一路无忧国际商务有限公司
332,网帅科技(北京)有限公司
333,拍库(北京)科技有限公司
334,天津紫龙奇点互动娱乐有限公司北京办事处
335,北京奥德塔数据科技有限公司
336,北京阿提拉科技有限公司
337,北京百顺世纪科技有限公司
338,沈阳民航东北凯亚有限公司大连分公司
339,北京振中电子技术有限公司
340,北京锦龙信安科技有限公司
341,昆明达林信息技术有限责任公司
343,北京蓝海讯通科技有限公司
344,黑龙江一点通科技开发有限公司
345,汇中泰德投资有限公司
346,北京中达金桥技术股份有限公司
351,北京蓝沧科技有限公司
352,云和恩墨(北京)信息技术有限公司
353,北京学神科技有限公司
355,北京嘉芸汇科技股份有限公司
356,OrangeTree Consultancy
357,甲骨文（中国）软件系统有限公司
358,北京必然如此网络技术有限公司
359,烟台欣和企业食品有限公司
360,北京麦达数字技术服务有限公司
362,北京云途腾科技有限责任公司
363,北京快人科技有限公司
365,北京车势科技有限公司
367,伯乐易才(北京)管理咨询有限公司
370,北京中视广信科技有限公司
374,北京爱悦达管理顾问有限公司
375,中智智人信息技术有限公司
378,北京华诚兴业软件开发有限责任公司
379,北京文脉互动科技有限公司
380,北京中北信科技发展有限公司
381,国人御康(北京)电子商务有限公司
382,北京创智信科科技股份有限公司
383,会听声学科技(北京)有限公司
384,北京链上科技有限责任公司
386,北京得瑞领新科技有限公司
387,北京中科云智慧环保科技有限公司
388,深圳市骏昇科技有限公司
389,北京山茶花科技有限公司
390,龙铁纵横(北京)轨道交通科技股份有限公司
392,北京中祥辉科技有限公司
393,北京多特蒙咨询服务有限公司
394,北京原始会投资管理有限公司
395,上海蔓盈信息科技有限公司北京朝阳分公司
396,北京敏数科技有限公司
397,北京闪银信息技术有限公司
398,北京天酬视觉企业形象设计有限公司
400,北京赢家创新谷科技有限责任公司
401,叠云(北京)科技股份有限公司
404,天下拉手通讯技术有限公司
405,北京云端智度科技有限公司
408,北京微格互动科技有限公司
409,北京育知同创科技有限公司
410,北京博睿捷程管理咨询有限责任公司
411,伟仕互动(北京)商务信息有限公司
412,A10 Networks Inc (Beijing)
413,北京赛宁网安科技有限公司
414,北京超越无限信息技术有限公司
416,北京世纪鹤图软件技术有限责任公司
417,智线云科技(北京)有限公司
418,北京国保金泰信息安全技术有限公司
419,北京兰云科技有限公司
424,北京元信网安科技有限公司
425,北京中乙科技有限公司
426,元贞佑方(北京)科技发展有限公司
427,北京行数通科技有限公司
428,北京企名片科技有限公司
429,北京步鼎方舟科技有限公司
430,欧迪办公网络技术有限公司
432,华赢科技(北京)有限公司
433,北京中科时间科技有限公司
435,南充市华仕政兴人力资源服务有限公司
436,上海趣美金融信息服务有限公司
437,海口斑马互动网络科技有限公司
440,明睿(北京)资本管理有限公司
441,瓦戈科技(上海)有限公司
442,号外号(北京)科技有限公司
444,上海趣美信息技术有限公司
446,北京万导技术咨询有限公司
447,北京同城翼龙网络科技有限公司
448,天道计然(北京)网络技术有限公司
449,北京同人创新科技有限公司
451,北京丽兹行房地产顾问有限公司-BJ1
452,北京安信天行科技有限公司
454,视点映画(北京)数字技术有限公司
455,北京中天易观信息技术有限公司
461,北京源润资产投资有限公司
462,天津运友物流科技股份有限公司
463,通号通信信息集团有限公司
464,北京盈禾优仕科技有限责任公司
465,新博医疗技术有限公司
466,北京螺思科技有限公司
467,时空幻境(北京)科技有限公司
469,国韵(北京)食品销售有限公司
470,国安社区(北京)科技有限公司
471,上海文谛资产管理有限公司
473,北京航新航宇航空科技有限公司
474,狐狸金服（北京）信息科技有限公司
477,北京信远通科技有限公司
479,北京时代凌宇科技股份有限公司
480,北京网录科技有限公司
481,利星行(中国)汽车企业管理有限公司
493,智联招聘网
494,华睿泰科技(北京)有限公司
502,北京华道资本投资有限公司
503,北京华纬讯电信技术有限公司
504,北京今日易购电子商务有限公司
505,北京羽乐创新科技有限公司
508,信和汇诚信用管理(北京)有限公司
509,安投融(北京)网络科技有限公司
511,北京高德体育文化股份有限公司
512,北京和润恺安科技发展股份有限公司
514,新奥特(北京)视频技术有限公司
515,杭州释码云信息技术有限公司
516,北京爱狄特信息科技有限公司
517,唯品会(中国)有限公司
520,六维联合信息科技(北京)有限公司
521,北京基调网络股份有限公司
522,昆山云飞企业管理有限公司
529,宜信
530,京东商城总部技术
540,联想集团有限公司
555,海尔集团公司
560,北京新能源汽车股份有限公司
561,新东方教育（科技）集团
584,京东商城
610,京东商城总部
615,中视前卫影视传媒有限公司
616,易鑫集团
634,一佳(北京)技术咨询有限公司
650,创维集团有限公司
652,北京小米通讯技术有限公司
653,滴滴出行
655,欢聚时代（多玩YY）
658,中银金融商务有限公司
660,百度在线网络技术(北京)有限公司
675,方正国际软件（北京）有限公司
697,金瓜子科技发展(北京)有限公司
706,广联达科技股份有限公司
708,北京沃赢科技股份有限公司
710,顺丰科技有限公司
719,瞬联讯通科技(北京)有限公司
721,北京百知尚行科技有限公司
729,中国邮政储蓄银行股份有限公司
742,今日头条
747,Antal International
750,北京三快在线科技有限公司
753,东软集团股份有限公司
754,尚德机构
756,浪潮集团有限公司
767,上海微创软件股份有限公司
768,北京恒昌利通投资管理有限公司
786,钱包金服(北京)科技有限公司
803,软通动力信息技术(集团)有限公司
829,Michael Page
830,宝马（中国） 服务有限公司BMW China Services Ltd.
863,我买网
881,戴姆勒大中华区投资有限公司
891,华为技术有限公司
903,优信集团
909,咪咕文化科技有限公司
915,美菜网
940,北京恒昌惠诚信息咨询有限公司
977,京东商城江苏分公司
984,联通支付有限公司
996,北京丽兹行房地产顾问有限公司-BJ8
1019,中国中信集团有限公司
1027,北京大米科技有限公司
1028,中粮营养健康研究院
1050,宝马（中国）汽车贸易有限公司 BMW China Automotive Trading Ltd.
1066,Gameloft
1076,北京东方雨虹防水技术股份有限公司
1082,梅赛德斯-奔驰汽车金融有限公司
1083,北京中电普华信息技术有限公司
1085,北京北森云计算股份有限公司
1098,信永中和(北京)国际投资管理有限公司
1110,搜狐视频
1111,徐工集团工程机械股份有限公司
1120,同方股份有限公司
1134,爱卡汽车网
1135,易车公司
1137,爱心人寿保险股份有限公司
1138,大唐高鸿数据网络技术股份有限公司
1145,北京若为信息技术有限公司
1146,上海亨元金融信息服务有限公司
1148,安邦保险集团股份有限公司
1152,戴尔斯克集团
1163,北京同城必应科技有限公司
1165,汽车之家
1168,普天信息技术有限公司
1177,普华众鑫文化传播有限公司
1178,北京汉克时代科技有限公司
1183,新奥集团股份有限公司
1186,美业邦(北京)科技有限公司
1224,新浪网房产频道
1244,Ericsson
1250,狮桥融资租赁(中国)有限公司北京分公司
1251,北京四维图新科技股份有限公司
1256,中华联合保险集团股份有限公司
1280,三一集团
1282,科大讯飞股份有限公司
1283,网易（杭州）网络有限公司
1284,北京世纪互联宽带数据中心有限公司
1292,北京恒光信息技术股份有限公司
1297,有利网
1312,北京华拓金融服务外包有限公司
1322,福建星网锐捷网络有限公司
1335,达飞微金商务咨询(北京)有限公司
1358,北京中电科电子装备有限公司
1359,泰康养老保险股份有限公司
1360,和利时集团
1361,北京想就拿信息科技有限公司
1363,瑞斯康达科技发展股份有限公司
1367,北京网库信息技术股份有限公司
1368,山东文辉软件服务外包有限公司
1377,北京思源互联科技有限公司
1378,北京昆仑万维科技股份有限公司
1381,蓝色光标传播集团
1387,大连斯锐信息技术有限公司
1394,安诺优达基因科技（北京）有限公司
1406,新华三技术有限公司
1414,兴唐通信科技有限公司
1426,神州数码系统集成服务有限公司深圳分公司
1427,航天云网科技发展有限责任公司
1432,贝壳金控控股集团有限公司
1468,北京摩拜科技有限公司
1470,梦想城堡(天津)电子商务有限公司北京分公司
1474,新华网股份有限公司
1475,泰禾(福建)集团有限公司
1488,北京京东世纪贸易有限公司
1490,上海蔚来汽车有限公司
1521,便利蜂商贸有限公司
1562,亿阳信通股份有限公司
1610,中科创达软件股份有限公司
1613,启迪控股股份有限公司
1616,深圳腾讯计算机系统有限公司
1626,展讯通信(上海)有限公司
1631,中国电信股份有限公司北京分公司
1668,图谱天下(北京)科技有限公司
1669,途家网网络技术(北京)有限公司
1671,泰康保险集团股份有限公司
1674,泰康在线财产保险股份有限公司
1676,北京梦疆咨询有限公司
1682,深圳市商汤科技有限公司
1684,北京八维教育集团 
1688,北京物云智能科技有限公司
1690,北京乐学创想教育科技有限公司
1694,北京爱钱帮财富科技有限公司
1698,北京腾云天下科技有限公司
1700,成都数联铭品科技有限公司
1712,安心财产保险有限责任公司
1713,旷视科技face++
1714,北京国双科技有限公司
1716,游族网络
1720,河北源达证券投资顾问股份有限公司
1727,北京辰安科技股份有限公司
1728,北京百分点信息科技有限公司
1729,北京贝瑞和康生物技术有限公司
1731,北京康普森生物技术有限公司
1734,云唯+
1735,北京百卓网络技术有限公司
1742,秦皇岛康研网络科技有限公司
1746,因诺(上海)资产管理有限公司
1747,北京捷越联合信息咨询有限公司
1756,玩咖欢聚文化传媒(北京)有限公司
1757,百望股份有限公司
1758,芯联达信息科技(北京)股份有限公司
1761,北京人合创咨询有限公司
1762,简理财
1767,北京国信创新科技股份有限公司
1768,北京翡翠教育科技有限公司昌平分公司
1770,北京所问数据科技有限公司
1774,海航云商投资有限公司
1775,李宁（中国）体育用品有限公司
1777,蜜芽宝贝(北京)网络科技有限公司
1780,中海微银资产管理有限公司
1785,北京海客瀛洲网络科技有限公司
1790,北京勤诚互动广告有限公司
1792,北京腾趣互娱网络科技有限公司
1796,北京升哲科技有限公司
1799,凯泰铭科技(北京)有限公司
1800,彪洋科技(北京)有限公司
1805,东方银谷(北京)投资管理有限公司
1808,中国国际期货股份有限公司
1809,西藏方程汽车租赁有限责任公司北京咨询分公司
1811,神州优车集团
1812,北京玩乐付科技有限公司
1815,北京市外商投资企业服务中心
1818,柚子(北京)移动技术有限公司
1824,北京迪安捷生物科技有限公司
1841,北京翼聚源软件科技有限公司
1846,北京新东方迅程网络科技股份有限公司
1857,北京冰狮科技有限公司
1860,乐惠(北京)科技有限公司
1861,北京城建智控科技有限公司
1863,北京嘉诚瑞杰信息技术有限公司
1864,上海清鹤科技股份有限公司
1865,北京云知声信息技术有限公司
1869,中科宇图科技股份有限公司
1870,中胜信用管理有限公司
1872,北京和创未来网络科技有限公司
1873,北京众和永业科技发展有限公司
1875,北京首证投资顾问有限公司
1878,江山永泰投资控股有限公司
1880,浙江同牛网络科技有限公司
1884,成都我来啦网格信息技术有限公司
1885,世华万向资讯(北京)有限公司
1887,北京鑫根投资管理有限公司
1888,国美金控投资有限公司
1892,森纵艾德（北京）教育科技股份有限公司
1897,北京闲徕互娱网络科技有限公司
1900,南京国睿信维软件有限公司
1904,金融界网站
1906,北京诚益通控制工程科技股份有限公司
1908,北京嘉楠捷思信息技术有限公司
1910,中移物联网有限公司
1917,联动优势科技有限公司
1920,去哪儿网平台事业部
1922,浙江贝尔技术有限公司
1925,中国国新控股有限责任公司
1938,大唐电信无线移动创新中心
1941,深圳市长亮科技股份有限公司
1948,北京中熙正保远程教育技术有限公司
1955,包商银行股份有限公司
1972,浙江大华技术股份有限公司
1974,北京复华旅游文化发展有限公司
1978,联通云数据有限公司
1990,天音通信控股股份有限公司北京分公司
1991,搜狐汽车
1997,中信百信银行股份有限公司
1998,诚迈科技（南京）有限公司
1999,去哪儿网旅游度假事业部
2005,中兴通讯股份有限公司
2018,京东方科技集团
2041,去哪儿网大住宿事业部
2055,北京中文万维科技有限公司
2062,博奥生物集团有限公司
2065,北京雅林士博建筑工程有限公司
2066,北京博睿宏远数据科技股份有限公司
2071,北京旌准医疗科技有限公司
2077,上海享学网络科技有限公司北京分公司
2078,北京国通合众信息技术有限公司
2079,北京微播易科技股份有限公司
2080,北京中软智信科技有限公司
2081,沣邦融资租赁(上海)有限公司
2083,中科柏诚科技(北京)股份有限公司
2086,冠诚(北京)信息服务有限公司
2090,北京融信数联科技有限公司
2091,北京信威通信技术股份有限公司
2092,知豆电动汽车有限公司
2093,北京奇树有鱼文化传媒有限公司
2094,去哪儿网金融事业部
2098,成都尼毕鲁科技股份有限公司
2099,云像(上海)数字技术有限公司北京分公司
2100,北京当当科文电子商务有限公司
2110,北京慧据科技产业发展有限公司
2112,花生好车
2113,东芝医疗系统(中国)有限公司
2114,北京青蚨资产管理有限公司
2118,南京唯实科技有限公司
2134,美因健康科技(北京)有限公司
2135,北京快方科技有限公司
2136,北京华巨东方文化传媒有限公司
2137,北京创金启富投资管理有限公司
2140,北京北信源软件股份有限公司
2142,宽拓(北京)科技有限公司
2153,北京畅聊天下科技股份有限公司
2155,北京小易到家电子商务有限公司
2165,北京掌众科技有限公司
2166,苏宁云商集团股份有限公司
2175,深圳善为影业股份有限公司
2177,北京云房数据技术有限责任公司
2179,北京友友天宇系统技术有限公司
2190,北京北大千方科技有限公司
2192,思博伦通信科技（北京）有限公司
2194,恒宝股份
2195,中益善源(北京)科技有限公司
2198,北京必浩得知识产权代理有限公司
2199,国广星空视频科技(北京)有限公司
2202,绿盟科技
2203,北京云币科技有限公司
2211,北京中科虹霸科技有限公司
2216,河南中原消费金融股份有限公司
2228,北京中投科信电子商务有限责任公司
2235,北京亿美软通科技有限公司
2241,北京知识印象科技有限公司
2246,智慧互通科技有限公司
2249,北京车和家信息技术有限责任公司
2250,网宿科技
2251,赛纳生物科技(北京)有限公司
2255,米袋子信息技术(北京)有限公司
2258,北京微网通联股份有限公司
2271,鳌背(北京)科技有限公司
2272,北京优炫软件股份有限公司
2273,北京和气聚力教育科技有限公司
2281,天津市国瑞数码安全系统股份有限公司北京办事处
2282,北京东方国信科技股份有限公司
2288,北京开天创世科技有限公司
2289,东华软件股份公司
2290,九五太维资讯有限公司
2292,北京金谷财行投资管理有限公司
2302,北京联创信安科技股份有限公司
2308,上融网络科技(北京)有限公司
2315,武汉元光科技有限公司
2316,达疆网络科技(上海)有限公司
2318,中国国际金融股份有限公司
2321,先锋支付有限公司
2323,北京华信傲天网络技术有限公司
2324,明亚保险经纪股份有限公司
2325,天职工程咨询股份有限公司
2328,太极计算机股份有限公司
2329,紫光云数科技有限公司
2330,北京新商界网络科技集团有限公司
2331,北京启明星辰信息安全技术有限公司
2332,国网电子商务有限公司
2333,Gofun出行-首汽共享汽车
2336,北京人民在线网络有限公司
2337,联信弘方(北京)科技股份有限公司
2339,诺威华仕(北京)管理咨询有限公司
2340,尚智逢源(北京)基金销售有限公司
2341,中诚信征信有限公司
2345,北京奥鹏远程教育中心有限公司
2347,北京纵横盛世软件有限公司
2352,北京华喜创科科技有限公司
2355,中电科技(北京)有限公司
2356,智惠信息咨询（北京）有限公司
2358,北京吉星众创网络科技有限公司
2359,北京量子金服网络科技有限公司
2362,国联资产管理有限公司
2365,北京华宇信息技术有限公司
2366,北京图为先科技有限公司
2371,北京金山云网络技术有限公司
2375,宝宝树(北京)信息技术有限公司
2376,北京浩然五洲软件技术有限公司
2377,纬创软件wistron
2378,北京航天宏图信息技术股份有限公司
2379,北京搜房互联网信息服务有限公司
2381,北京小川在线网络技术有限公司
2382,北京博宇新光投资有限公司
2389,和信丰泽投资担保(北京)有限公司
2390,随锐科技股份有限公司
2393,海鸿达(北京)餐饮管理有限公司
2394,北京天宇正清科技有限公司
2396,国网电力科学研究院北京科东电力控制系统有限责任公司
2398,网智天元科技集团股份有限公司
2399,北京联龙博通电子商务技术有限公司
2400,华信永益(北京)信息技术有限公司
2406,北京天空卫士网络安全技术有限公司
2409,凡普金科企业发展(上海)有限公司
2411,北京两只老虎电子商务有限公司
2412,百融金融信息服务股份有限公司
2413,北京零点有数数据科技股份有限公司
2414,博洛尼家居装饰(北京)有限公司
2417,北京希望组生物科技有限公司
2418,四达时代集团
2420,北京鼎泰智源科技有限公司
2421,北京竞业达数码科技有限公司
2425,国美在线电子商务有限公司
2426,北京万里红科技股份有限公司
2449,北京互联新网科技发展有限公司
2452,北京集奥聚合科技有限公司
2465,蜂网供应链管理(上海)有限公司
2466,悠易互通(北京)广告有限公司
2467,河北志晟信息技术股份有限公司
2475,国信优易数据有限公司
2476,中软信息系统工程有限公司
2490,蓝港在线(北京)科技有限公司
2496,中国科学院电子学研究所信息技术创新工程中心
2501,中青博联整合营销顾问股份有限公司
2506,新余高新区金泰亚盛咨询有限公司
2516,北京圣康汇金科技有限公司
2518,玖富金科控股集团有限责任公司
2520,中网数据(北京)股份有限公司
2521,北京麒麟合盛网络技术有限公司
2522,北京奥索斯科技有限公司
2525,北京艾利艾互联网科技股份有限公司
2526,国美控股集团有限公司
2530,上海小蚁科技有限公司
2532,北京新媒传信科技有限公司(中国移动飞信开发及运营机构)
2536,北京钱方银通科技有限公司
2538,恒泰艾普(北京)云技术有限公司
2539,新智超脑科技有限公司
2540,亚创博彦(北京)科技有限公司咸阳办事处
2542,万库标杆科技有限公司
2546,北京精友时代信息技术发展有限公司
2551,安诺优达基因科技(北京)有限公司
2555,Pivotal 毕威拓科技（北京）有限公司
2557,北京斗米优聘科技发展有限公司
2558,北京乐语世纪科技集团有限公司
2562,北京航天光达科技有限公司
2563,和信电子商务有限公司
2592,北京神州泰岳软件股份有限公司
2597,北京天神互动科技有限公司
2599,中软国际ETC
2602,中鸿基控股有限公司
2604,北京比特大陆科技有限公司
2605,北京网利科技有限公司
2606,北京久其软件股份有限公司
2607,北京品冠天成科技有限公司
2609,北京知行锐景科技有限公司
2615,北京亚康环宇科技有限公司
2657,飞鹤乳业
2658,中融民信资本管理有限公司
2663,北京海鑫科金高科技股份有限公司
2674,北京互连众信科技有限公司
2687,象翌微链科技发展有限公司
2691,深圳索信达数据技术股份有限公司
2692,恒信东方文化股份有限公司
2693,汉柏科技有限公司
2697,易宝支付有限公司
2701,北京诺禾致源科技股份有限公司
2702,极晨智道信息技术（北京）有限公司
2708,随行付支付有限公司
2713,北京博奥晶典生物技术有限公司
2720,中科金审(北京)科技有限公司
2721,一诺银华集团
2730,联发科技股份有限公司
2733,海航生态科技集团有限公司
2735,北京海泰方圆科技股份有限公司
2736,北京三才智者技术服务有限公司
2738,东方瑞通（北京）咨询服务有限公司
2741,北京超图软件股份有限公司
2742,北京农信互联科技有限公司
2743,北京雪迪龙科技股份有限公司
2746,北京视通财富信息技术有限公司
2748,北京山石网科信息技术有限公司
2751,北京侨福置业有限公司
2752,中国信息通信研究院
2755,北京登云美业网络科技有限公司
2763,恒安嘉新(北京)科技有限公司
2766,融易推网络技术(北京)有限公司
2772,嘉实基金管理有限公司
2779,北京东软望海科技有限公司
2782,长城计算机软件与系统有限公司
2785,北京宝兰德软件股份有限公司
2787,北京明朝万达科技股份有限公司
2793,江河瑞通科技集团有限公司
2800,达令心潮(北京)商贸有限公司朝阳分公司
2822,北京方正世纪信息系统有限公司
2823,北京鸿坤伟业房地产开发有限公司
2825,北京创昱科技有限公司
2827,中金金融认证中心有限公司
2830,中国软件与技术服务股份有限公司
2834,芯盾(北京)信息技术有限公司
2835,北京兆芯电子科技有限公司
2840,北京同仁堂健康药业股份有限公司
2847,北京北大软件工程发展有限公司
2850,北京慧博云通检测技术有限公司
2852,品尚电子商务有限公司
2866,新智认知数据服务有限公司
2867,首约科技(北京)有限公司
2877,北部资产经营股份有限公司
2884,北京宅急送快运股份有限公司
2886,中国华戎科技集团有限公司
2890,北京蓝信汇智科技有限公司
2894,成都准星云学科技有限公司
2895,北京车行一六八信息技术有限公司
2902,北京网秦天下科技有限公司
2904,北京知道创宇信息技术有限公司
2905,北京蓝汛通信技术有限责任公司
2914,中国经济信息社有限公司
2915,翼霖实业集团有限公司
2916,华宇金信(北京)软件有限公司
2919,硅谷汇(北京)软件技术有限公司
2921,北京五岳鑫信息技术股份有限公司
2925,四开花园网络科技(天津)有限公司北京分公司
2933,梦燃教育科技(北京)有限公司
2943,上海兴畅网络技术股份有限公司
2951,网云易通(北京)科技有限公司
2958,清华大学微电子学研究所
2960,法国施维雅
2962,北京泽塔云科技股份有限公司
2969,上海开奈电子通讯有限公司
2970,三二一(北京)科技有限公司
2975,北京北大英华科技有限公司
2987,北京超图信息技术有限公司
2989,北京康瑞德医疗器械有限公司
2995,阿拉丁控股集团有限公司
2996,北京精真估信息技术有限公司
3000,北京聚通达科技股份有限公司
3002,新洲康之源(北京)商贸有限公司
3005,红帽中国
3011,锤子科技(北京)有限公司
3015,北京鹏全云电子商务有限公司
3016,上海中清龙图网络科技有限公司北京分公司
3026,猎聘网
3028,中金数据系统有限公司
3031,北京地球港卓越商业管理有限公司
3033,北京贝虎机器人技术有限公司
3038,北京智明星通科技股份有限公司
3039,中国石油国际事业有限公司
3044,曙光信息产业（北京）有限公司
3051,中建智云网络通信有限公司
3052,中国交通通信信息中心
3053,北京华育兴业科技有限公司
3056,北京金山办公软件股份有限公司
3062,小船出海教育科技(北京)有限公司
3079,北京江河幕墙系统工程有限公司
3080,北京东械科技有限公司
3086,北京奇子投资管理有限公司
3096,全时云商务服务股份有限公司
3098,北京易华录信息技术股份有限公司
3103,暴风影音
3104,长安通信科技有限责任公司
3109,新诺亚(北京)文化发展有限公司
3110,南京君合创胜数据科技有限责任公司
3113,北京雷石天地电子技术有限公司
3118,大唐网络有限公司
3137,北京嘉和美康信息技术有限公司
3152,北京众合天下管理咨询有限公司
3154,公安部第三研究所
3156,北京欣奕华科技有限公司
3159,北京锦鸿希电信息技术股份有限公司
3198,北京世源光华房地产开发有限公司
3226,北京国电通网络技术有限公司
3260,北京缀新网络技术有限公司
3262,天创信用服务有限公司
3269,北京四合天地科技有限公司
3275,北京智慧云行科技有限责任公司
3279,华青融天(北京)技术股份有限公司
3293,北京世纪高通科技有限公司
3295,北京邦利德网络科技有限公司
3296,北京金信网银金融信息服务有限公司
3298,百度外卖
3301,中邮信息科技(北京)有限公司
3323,中科科猫(北京)科技有限公司
3335,同方威视技术股份有限公司
3337,聚美优品
3339,北京教培师训网络科技股份有限公司
3370,亚创博彦(北京)科技有限公司
3378,方正中期期货有限公司
3379,民航数据通信有限公司
3389,北京智慧图科技发展有限责任公司
3396,北京优全智汇信息技术有限公司
3397,宇罗(北京)科技有限公司
3406,北京熠宸信息科技有限公司
3435,北京中科汇联科技股份有限公司
3439,伟宏互联网科技有限公司
3445,华强方特(厦门)动漫有限公司
3446,乾道投资控股集团有限公司
3449,北京品友互动信息技术股份公司
3457,北京渔阳信通信息技术有限公司
3475,北京智慧眼科技股份有限公司湖南分公司
3478,新拓尼克科技研发中心 
3486,北京博图纵横科技有限责任公司
3487,北京中航智科技有限公司
3489,卡尤迪生物科技(北京)有限公司
3495,北京知行易航智能科技有限公司
3511,杭州数美科技有限公司
3512,北京小鸟看看科技有限公司
3517,世纪佳缘交友网
3526,中国民生信托有限公司
3532,北京足坛之星投资有限公司
3533,亚信科技(中国)有限公司
3536,北京瑞星信息技术股份有限公司
3544,北京耀莱财富管理有限公司
3548,致同会计师事务所
3552,航天科工智慧产业发展有限公司
3554,北京旋极集团
3563,北京阿凡题科技有限公司
3566,北京快鱼电子股份公司
3570,北京理工大学智能机器人与系统高精尖创新中心
3571,北京新恒基房地产集团有限公司
3574,东易日盛家居装饰集团
3575,北京易商通科技股份有限公司
3580,北京凡尔康管理咨询有限公司
3581,山东华软金盾软件股份有限公司
3590,北京云测信息技术有限公司
3592,Esri中国信息技术有限公司
3593,神州数码医疗科技股份有限公司
3596,链家网(北京)科技有限公司
3597,北京计算机技术及应用研究所
3600,北京安力斯环境科技股份有限公司
3607,上海瀚纳仕人才管理咨询有限公司
3651,北京百迈客生物科技有限公司
3653,乐普(北京)医疗器械股份有限公司
3660,纳通医疗集团
3661,北京中交兴路车联网科技有限公司
3665,北京安宁创新网络科技股份有限公司
3670,北京迪美策方市场咨询有限公司
3674,"ACCESS PEOPLE CO.,LIMITED"
3677,北京楚天龙科技发展有限公司
3678,汉王科技股份有限公司
3679,鹏博士电信传媒集团股份有限公司
3690,北京天石和合文化传播有限责任公司
3692,浙江九州云信息科技有限公司
3693,阿里巴巴(中国)有限公司
3695,北京因果树网络科技有限公司
3696,地壳机器人科技有限公司
3698,北京安德信业信息咨询有限责任公司
3699,北京青燕祥云科技有限公司
3700,迪原创新(北京)科技有限公司
3705,康明斯(中国)投资有限公司
3708,北京七鑫易维信息技术有限公司
3712,巴士互娱(北京)科技有限公司
3713,北京顶测科技有限公司
3714,北京聚辉管理咨询有限公司
3719,北京创景咨询有限公司
3722,首创置业股份有限公司
3723,虫极科技(北京)有限公司
3727,北京奇点机智科技有限公司
3740,北京微吼时代科技有限公司
3742,北京智慧摩羯数据科技有限公司
3747,北方大贤风电科技（北京）有限公司
3749,北京基石生命科技有限公司
3758,北京声智科技有限公司
3759,北京万游网络科技有限公司
3760,北京中广瑞波科技股份有限公司
3762,北京众享比特科技有限公司
3765,伊必汽车软件(上海)有限公司
3766,北京网脑科技发展有限公司
3767,北京恒信志远科技有限公司
3768,钧云(上海)网络科技有限公司
3769,中金信科(北京)科技股份有限公司
3770,北京顶派国际管理咨询有限公司
3779,北京誉成云创科技有限公司
3786,北京国势通科技有限公司
3788,宇信数据科技有限公司
3789,北京数起科技有限公司
3790,上海赤犬投资管理有限公司
3792,重庆小康工业集团股份有限公司
3794,信联资信服务有限公司
3795,上海逸云信息科技发展有限公司
3796,青岛中道企业管理有限公司
3797,北京纳网科技有限公司
3798,北京天地一格科技有限公司
3799,鲤鱼(上海)文化科技有限公司北京分公司
3800,北京蓝海龙文化传播有限公司
3804,上海沛生企业管理中心
3806,北京海象世纪信息服务有限公司
3810,卓越工坊(北京)科技有限公司
3811,北京国舜科技有限公司
3814,北京中广创思文化传播有限公司
3815,北京酷鱼畅享科技有限公司
3816,德稻全球创新网络(北京)有限公司
3817,东芝(中国)有限公司
3818,南京果酱文化发展有限公司
3821,深圳市快乐人生人力资源有限公司
3822,吉林纪元时空动漫游戏科技集团股份有限公司北京分公司
3823,上海连舟科技有限公司
3826,青岛牧桐网络科技工程有限公司
3829,北京简网世纪科技有限公司
3831,绿瘦健康产业集团有限公司
3832,游瑞世纪(北京)管理咨询有限公司
3834,北京算云联科科技有限公司
3837,巧达科技(北京)有限公司
3838,北京逸文医疗信息技术有限公司
3839,速感科技(北京)有限公司
3841,北京棱镜互动科技有限公司
3843,北京居诺技术开发中心
3844,鹤壁高新区高新技术企业培育服务中心
3845,北京智分科技有限公司
3846,北京九天微星科技发展有限公司
3848,北京象翌微链计算技术有限公司
3850,爱股票
3851,中玉金标记(北京)生物技术股份有限公司
3856,上海姚记悠彩网络科技有限公司北京分公司
3857,北京新澜互动广告有限公司
3859,北京清鹤科技有限公司
3860,北京核利电子商务有限公司
3863,北京欧应科技有限公司
3865,北京志翔科技股份有限公司
3867,北京联合智云科技有限公司
3868,西安绿点信息科技有限公司
3869,北京长城电子装备有限责任公司
3871,北京炬鑫网络科技有限公司
3872,北京开维创科技有限公司
3874,北京春雨天下软件有限公司
3876,北京鑫泰能源股份有限公司
3880,深圳市芒柠科技有限公司
3885,北京太合娱乐文化发展股份有限公司
3886,北京云起融通科技有限公司
3887,广州兴图科技有限公司
3888,北京新模式科技有限公司
3892,上海派拉软件股份有限公司
3893,北京羽扇智信息科技有限公司
3895,北京万维亚太科技有限公司
3897,中科天玑数据科技股份有限公司
3898,深圳市文鼎创数据科技有限公司
3902,北京太平洋莱特科技有限公司
3904,北京跬步众成信息技术有限公司
3906,佰邦达科技（北京）有限公司
3909,北京露米埃动画制作有限公司
3912,图灵通诺(北京)科技有限公司
3913,北京恒天易开科技股份有限公司
3914,北京左岸时代传媒股份有限公司
3917,北京腾信卓越咨询有限公司
3918,北京航天泰坦科技股份有限公司
3922,北京真格天成投资管理有限公司
3924,深圳市源极光科技有限公司
3926,北京鼎新同人管理咨询有限公司
3930,易纳购科技(北京)有限公司
3931,中国科学院大气物理研究所
3932,北京华睿慧脑科技中心(有限合伙)
3933,北京币码网络科技有限公司
3934,北京安信广通新技术有限公司
3938,深圳市前海谷雨网络科技有限公司
3939,中望金服信息科技(北京)有限公司
3940,北京盘古奇点投资管理有限公司
3944,北京深瞐科技有限公司
3945,开网科技(北京)有限公司
3947,北京腾信软创信息技术有限公司
3948,北京热锋互动网络科技有限公司
3949,北京车与车科技有限公司
3952,司马大大(北京)智能系统有限公司
3959,梦启(北京)科技有限公司
3962,深圳市英特方略企业管理顾问有限公司
3964,中科三清科技有限公司
3965,北京多维视通技术有限公司
3966,北京赛思天成科技有限责任公司
3970,大连火眼征信管理有限公司
3971,量子云未来(北京)信息科技有限公司
3974,博易创为(北京)数字传媒股份有限公司
3978,北京猎豹移动科技有限公司
3985,北京汇通金财信息科技有限公司
3989,武汉文网亿联科技有限公司
3990,南京麦思伦信息科技有限公司
3991,中天金融集团股份有限公司
3995,北京海科融通支付服务股份有限公司
3996,北京中科建友科技有限公司
4003,北京火星盒子科技有限公司
4006,方正证券股份有限公司
4014,修曼(上海)商务咨询有限公司
4027,中国科学院软件研究所
4028,高视医疗投资有限公司
4031,北京天润新能投资有限公司
4034,立信会计师事务所(特殊普通合伙)北京分所
4037,北京伯众联合管理咨询有限公司
4040,北京华晟经世信息技术有限公司
4056,北京君南圣达信息技术有限公司
4068,北京科诺思通咨询有限公司
4080,中标软件有限公司
4082,北京涵德投资咨询有限公司
4097,北京优音通信有限公司
4103,新晨科技股份有限公司
4106,航美在线网络科技集团有限公司
4112,北京中税网控股股份有限公司
4113,中讯邮电咨询设计院有限公司
4115,北京物美商业集团股份有限公司
4117,长安新生(深圳)金融投资有限公司
4121,北京易诚互动软件技术有限公司
4123,金石泰诚集团有限公司
4124,中国互联网络信息中心
4132,赛仕软件研究开发（北京）有限公司
4135,上海连尚网络科技有限公司
4136,资和信电子支付有限公司
4140,中国科学院微电子研究所
4142,龙湖地产有限公司
4143,北京中欣环测科技有限公司
4145,Zenith Consulting
4154,昆明联诚科技股份有限公司
4156,神州数码系统集成服务有限公司
4168,北京湛腾世纪科技有限公司
4174,引力传媒股份有限公司
4177,北京京穗蓝盾信息安全技术有限公司
4179,北京奇诺软通科技有限公司
4180,北京华路时代信息技术有限公司
4197,北京趣加科技有限公司
4198,源创猎头
4199,北京富通东方科技有限公司
4217,泛海控股股份有限公司
4221,畅捷通信息技术股份有限公司
4223,北京中科院软件中心有限公司
4227,宏源期货有限公司
4229,北京老虎致远科技有限公司
4231,北京飞流九天科技有限公司
4232,北京数果科技有限公司
4234,海外网传媒有限公司
4235,北京国承万通信息科技有限公司
4236,上海明迪文化传媒有限公司北京分公司
4237,北京大数医达科技有限公司
4239,北京众橙世纪传媒技术股份有限公司
4240,山西云时代技术有限公司
4242,秒钱(北京)信息服务有限公司
4244,北京博乐科技有限公司
4246,北京凌威锐盛信息技术有限公司
4247,致美生活(北京)科技有限公司
4249,东莞材料基因高等理工研究院
4251,滨江华康(北京)生物科技有限公司
4252,浙江玩美数据科技有限公司
4253,北京教书匠教育咨询有限公司
4255,博淼生物科技(北京)有限公司
4258,北京海奥伊美教育咨询有限公司
4259,四川希氏异构医疗科技有限公司
4260,北京青麦科技有限公司
4261,北京得力助手信息技术有限公司
4262,北京安高盟科技服务有限公司
4266,北京质汇百川人才科技有限公司
4269,北京贝德思达科技发展有限公司
4276,北京优粮生活科技有限公司
4277,北京派队体育有限公司
4279,北京阿博茨科技有限公司
4281,北京通付盾数据科技有限公司
4283,北京优乐复生科技有限责任公司
4285,融慧金科金融服务外包(北京)有限公司
4289,极速蜗牛(北京)投资管理有限公司
4290,北京快乐茄信息技术有限公司
4295,北京铁皮猫网络技术有限责任公司
4297,北京长空一画影视科技有限公司
4298,北京泰理康科技有限公司
4299,企家有道网络技术(北京)有限公司
4301,武汉迷你付金融增值技术开发有限公司
4302,联科集团-联智科技（北京）有限公司
4303,睿医(北京)数据技术有限公司
4304,北京英视睿达科技有限公司
4305,玖玖投资集团有限公司
4307,北京中科晶云科技有限公司
4308,北京深知无限人工智能研究院有限责任公司
4312,北京优仕美成管理咨询有限公司
4314,北京万索商务咨询有限公司
4315,久远谦长(北京)技术服务有限公司
4316,北京鑫彤日科技有限责任公司
4319,北京小帽科技有限公司
4323,北京中搜网络技术股份有限公司
4324,厦门当代控股集团有限公司
4329,北京中存超为科技有限公司
4331,苏州瑞小云信息科技有限公司
4334,联想新视界(北京)科技有限公司
4335,北京牛投邦科技咨询有限公司
4336,江苏百世诺医疗科技有限公司
4341,北京咔啦酷科技文化有限公司
4342,天睿信科技术(北京)有限公司
4346,北京一石科技有限责任公司
4347,北京艾汉特管理顾问有限公司
4351,心常态(北京)文化有限公司
4353,陪我欢乐(北京)科技有限公司
4355,北京德鸿普惠科技有限公司
4357,北京电信通畅达信息有限公司东城分公司
4358,行云智网络科技(北京)有限公司
4359,珞石(山东)智能科技有限公司北京分公司
4360,怡和祥云(北京)科技有限公司
4361,北京黑狼影业传媒有限公司
4363,北京超凡幻想影视文化有限公司
4367,北京久康国际健康管理股份有限公司
4368,北京车联天下信息技术有限公司
4369,北京中科紫鑫科技有限责任公司
4370,香港应用科技研究院有限公司
4373,北京天景隆软件科技有限公司
4374,北京安博通科技股份有限公司
4376,立信中德勤(北京)工程咨询有限公司
4378,北京云乔管理咨询有限公司
4379,富贵鸟矿业
4380,纵横兄弟(北京)商贸有限公司
4382,萨斯肯通讯技术(上海)有限公司北京分公司
4389,深睿医疗
4390,启迪智行科技(北京)有限公司
4391,未来(北京)黑科技有限公司
4393,北控水务(中国)投资有限公司
4394,第四范式(北京)技术有限公司
4395,广州御银科技股份有限公司北京分公司
4397,神州伯乐(北京)管理咨询有限公司
4400,中国电子技术标准化研究院
4401,北京金百万餐饮管理有限责任公司
4402,北京家图互动信息技术有限公司
4404,北京北斗众航科技有限公司
4406,国信双创科技产业发展(北京)有限公司
4409,威霖管理顾问(北京)有限公司
4411,北京朗视仪器有限公司
4413,北京艺典网络科技有限公司
4417,西安点告网络科技有限公司
4421,北京中盾安信科技发展有限公司
4422,智本时代(北京)科技有限公司
4424,西安伯恩人力资源咨询有限公司
4425,中车工业研究院有限公司
4427,北京优势财富科技有限公司
4429,江河瑞通(北京)软件有限公司
4433,中晟智信数据科技(北京)有限公司
4434,北京聚源融合通讯科技有限公司
4435,北京东方网信科技股份有限公司
4436,中艺华章文化产业发展有限公司
4437,创新科存储技术有限公司
4438,北京百世师影视传媒有限责任公司
4443,北京芯愿景软件技术有限公司
4446,北京微风思道广告有限公司
4447,北京至上泽思信息技术有限公司
4451,北京伊谢尔伦科技有限公司
4452,北京新联财通咨询有限公司
4453,北京中冀汇通天下互联网科技有限公司
4455,北京中诺智电科技有限公司
4457,北京华卓精科科技股份有限公司
4458,中国招标公共服务平台有限公司
4460,北京全民快乐科技有限公司
4466,北京华数康数据科技有限公司
4470,北京思博亚讯科技发展有限公司
4475,北京达佳互联信息技术有限公司
4477,北京青蚨在线网络科技有限公司
4480,信亦宏达网络存储技术(北京)有限公司
4482,北京中环信科科技股份有限公司
4483,北京人人信科技有限公司
4486,深思考人工智能机器人科技(北京)有限公司
4489,北京星云医学检验实验室有限公司
4490,北京多牛互动传媒股份有限公司
4492,北京云畅游戏科技股份有限公司
4493,会找房(北京)网络技术有限公司
4494,坤舆天气(北京)科技有限公司
4495,上海迈外迪网络科技有限公司北京分公司
4496,北京圣谷同创科技发展有限公司
4497,北京国泰北斗科技有限公司
4499,融智育通(北京)科技发展有限公司
4501,北京丹枫科技有限公司
4503,北京大唐鸿润商贸有限公司
4505,北京波罗教育科技有限公司
4508,众德迪克科技(北京)有限公司
4511,北京奇果网络科技有限公司
4513,北京帮一把网络科技有限公司
4515,北京智诚智达交通科技有限公司
4516,北京博智数源科技股份有限公司
4520,北京广通信达软件股份有限公司杭州分公司
4522,北京三英联盟禾田广告有限公司
4523,北京金锐德路科技有限公司
4524,北京米树科技有限公司
4525,北京金源动力信息化测评技术有限公司
4527,上海欢岳网络科技有限公司北京分公司
4528,北京快创互娱网络科技有限公司
4531,北京德亚维科技有限公司
4536,智慧农科信息技术有限公司
4538,长扬科技(北京)有限公司
4540,北京橘梦科技有限公司
4542,北京中健祥电子科技有限公司
4543,北京光云动漫文化有限公司
4544,中国科学院新疆理化技术研究所
4546,北京元和医学检验所有限公司
4548,北京博晓通科技有限公司
4549,北京一览科技有限公司
4554,北京的卢深视科技有限公司
4557,骑士联盟(北京)信息服务有限公司
4561,北京天笑科技有限公司
4562,北京森艾电子技术有限公司
4563,金雅拓（Euronext NL 0000400653 GTO）
4564,北京四中龙门网络教育技术有限公司
4565,北京桔牛科技有限公司
4566,西安惠雷通信科技有限公司
4567,邦百家(北京)科技有限公司
4571,天弘基金管理有限公司
4572,北京汇智恒通科技有限公司
4573,休食哥连锁超市股份有限责任公司
4574,北京车网互联科技有限公司
4577,上海睿泰企业管理集团有限公司
4578,北京艾信运通技术有限公司
4580,北京转转精神科技有限责任公司
4582,资舟控股有限公司
4583,北京圣邦天麒科技有限公司
4586,北京甜心良品网络科技有限公司
4592,北京畅联九州科技有限公司
4593,成都侠客岛企业管理有限公司
4595,北京无限讯奇信息技术有限公司
4597,元计算(北京)科技服务有限公司
4599,北京卓成世纪科技发展有限公司
4601,奥哲(北京)国际广告有限公司
4604,北京信锚网络有限公司
4605,北京雅森科技发展有限公司
4609,防特网信息科技（北京）有限公司
4611,乐影网
4614,宁波观复文化有限公司北京分公司
4616,上海康缦投资有限公司
4624,北京天维科技有限公司
4630,南京云帐房网络科技有限公司
4632,北京淘梦网络科技有限责任公司
4633,北京超萌国际文化有限公司
4636,北京蜂鸟视图科技有限公司
4637,北京华翔联信科技有限公司
4638,北京畅行信息技术有限公司
4647,有车（北京）新能源汽车租赁有限公司
4652,三角兽(北京)科技有限公司
4654,北京联合货币兑换股份有限公司
4663,北京大刚信息科技有限公司
4664,北京放马国际教育文化有限公司
4666,无讼网络科技(北京)有限公司
4667,北京联云天下科技有限公司
4669,北京华樾教育科技有限公司
4670,北京凯声文化传媒有限责任公司
4672,信用宝金融信息服务(北京)有限公司
4675,中国图书进出口(集团)总公司
4680,中盈优创资讯科技有限公司
4682,北京兴财信息技术有限责任公司
4687,北京跃科人才服务有限公司
4688,北京风火互娱科技有限公司
4691,中冀投资股份有限公司
4693,北京鸥桥世纪科技有限公司通州分公司
4695,北京华大九天软件有限公司
4697,北青传媒股份有限公司
4698,易到用车
4699,北京睦合达信息技术股份有限公司
4701,北京中科晶上科技有限公司
4706,萝卜太辣(北京)科技有限公司
4708,北京蓝海巨浪科技有限公司
4714,北京品科技术有限公司
4717,启迪汇智(北京)投资管理有限公司
4718,北京全信科工科技发展有限公司
4722,北京铂金智慧网络科技有限公司
4726,北京元心科技有限公司
4728,北京粒子互娱网络科技有限公司
4731,北京优天下科技股份有限公司
4734,北京知因智慧数据科技有限公司
4735,东方宇阳信息科技(北京)有限公司
4742,北京仁光科技有限公司
4744,北京中恒国信百联信息技术有限公司
4745,北京志联利盟科技发展有限公司
4747,北京格灵深瞳信息技术有限公司
4751,北京数洋智慧科技有限公司
4752,北京汉雅天诚教育科技有限公司
4758,北京优在创信息技术有限责任公司
4763,中国船级社实业公司
4764,首页大数据科技股份有限公司
4773,博易智讯（北京）信息技术有限公司
4774,北京安纳西科技有限公司
4775,北京春天影视科技有限公司
4777,北京红赢科技有限公司
4780,北京中视启明文化传媒有限公司
4783,北京易捷思达科技发展有限公司
4787,北京凯峰数据科技有限公司
4788,北京我爱出行科技服务有限公司
4789,国诚信征信有限公司
4791,北京秀友科技有限公司
4799,双创普惠(北京)商贸有限公司
4802,北京福卡斯特信息技术有限公司
4803,叮当快药科技集团有限公司
4807,北京国信安石科技有限责任公司
4808,中企品研（北京）品牌顾问股份有限公司
4813,北京都秀网络科技有限公司
4815,北京贸促通国际资讯有限公司
4819,北京学知汇科技有限公司
4821,北京智教通联科技有限公司
4831,北京妙医佳信息技术有限公司
4836,北京创源微致软件有限公司
4839,北京筷易采供应链管理有限公司
4848,昊天能源科技有限公司北京分公司
4850,上海诺亦腾影视科技有限公司
4854,北京航宇创通技术股份有限公司
4858,中金支付有限公司
4859,北京缔联科技有限公司
4861,赛亚人(天津)网络技术有限公司北京科技分公司
4863,北京吉因加科技有限公司
4864,中投元邦资产管理(北京)有限公司
4871,北京市国路安信息技术股份有限公司
4872,布比(北京)网络技术有限公司
4875,北京数字太和科技有限责任公司
4876,睿智合创(北京)科技有限公司
4893,北京华生恒业科技有限公司
4895,北京儒奥医疗科技有限公司
4896,北京北大方正电子有限公司
4897,北京众智京鹭信息技术有限公司
4898,北京珞安科技有限责任公司
4899,虎特信息科技(上海)有限公司北京分公司
4902,南京阿森泰科生物技术有限公司
4903,北京地平线信息技术有限公司
4910,北京快跑信息科技有限公司
4911,全讯汇聚网络科技(北京)有限公司
4912,北京毅新博创生物科技有限公司
4915,昆仑智汇数据科技(北京)有限公司
4916,北京北箱信发包装有限公司
4918,北京众荟信息技术股份有限公司
4939,北京亿隆汇诚投资管理有限责任公司
4947,山海紫螺(北京)科技有限公司
4966,北京大千阳光数字科技股份有限公司
4978,北京宏达威爱教育科技有限公司
4979,中国广视索福瑞媒介研究有限责任公司
4984,北京和立健信科技有限公司
4992,北京铁道工程机电技术研究所股份有限公司
5001,北京多格科技有限公司
5006,大锤资产
5010,众筹宝网络科技(北京)有限公司
5022,兴华永恒(北京)科技有限责任公司
5026,硅谷数模半导体(北京)有限公司
5027,北京盛世创先科技股份有限公司
5029,润开(北京)科技有限公司
5032,北京安百胜生物科技有限公司
5041,瑞林嘉驰（北京）基金管理股份有限公司
5042,北京得意音通技术有限责任公司
5045,北京奋青榜科技有限公司
5046,驭风翔云(北京)航空科技有限公司
5047,国家安全生产监督管理总局信息研究院
5054,人人公司（Renren Inc．）
5059,北京名博教育科技有限公司
5069,科盾科技股份有限公司北京分公司
5070,北京迅达云成科技有限公司
5072,国广东方网络(北京)有限公司
5073,北京智尚美品牌科技有限公司
5075,北京昆仑联通科技发展股份有限公司
5079,北京春秋永乐文化传播股份有限公司
5092,扬州新讯科技有限公司北京分公司
5095,北京财佰通创新科技研究院有限公司
5105,北京中软联动科技有限公司
5107,中国供销农产品批发市场控股有限公司
5110,北京唯泰立管理咨询有限公司
5111,北京烽火万家科技有限公司
5112,北京中联创投电子商务有限公司
5115,宝清县虎盟网络科技有限公司
5117,梆梆金服(北京)科技有限公司
5119,北京东方飞鸿新元信息技术有限公司
5121,中科博宏(北京)科技有限公司
5122,北京大学创新研究院
5124,北京允睿讯通科技有限公司
5125,北京炎黄盈动科技发展有限责任公司
5126,北京医拍智能科技有限公司
5132,昶鑫国际投资控股(北京)有限公司
5133,北京立思辰科技股份有限公司
5134,智融信远(北京)科技有限公司
5135,北京易麦克科技有限公司
5137,北京敏思科技有限公司
5140,天平阳光文化传媒(北京)有限公司
5142,天津中科虹星科技有限公司
5144,北京忆恒创源科技有限公司
5149,北京国基科技股份有限公司
5153,西安睿群信息技术有限公司
5169,北京人人时代科技有限公司
5174,北京科锐创仕企业管理咨询有限公司
5179,北京首金中小微企业金融服务有限公司
5180,北京上元信安技术有限公司
5182,北京云杉世纪网络科技有限公司
5184,万摩数字科技(北京)有限公司
5186,微诺时代(北京)科技股份有限公司
5194,网家科技有限责任公司
5209,智擎信息技术（北京）有限公司
5220,北京信复创值投资管理有限公司
5223,北京炫我科技有限公司
5224,北京猎户星空科技有限公司
5226,北京科安德网络技术有限公司
5227,银科环企软件(苏州)有限公司
5228,诺华视创电影科技(江苏)股份有限公司北京分公司
5231,北京值得买科技股份有限公司
5232,中电数据服务有限公司
5233,北京陌陌信息技术有限公司
5234,北京优旅网络科技有限公司
5236,乐约信息科技(上海)有限公司
5237,北京图盟科技有限公司顺义分公司
5238,北京威努特技术有限公司
5239,北京艾科网信科技有限公司
5244,北京拓课网络科技有限公司
5247,朴新教育科技集团有限公司
5251,中帮金融服务外包(北京)有限公司
5252,北京汽车集团有限公司新技术研究院
5253,时代嘉华(中国)科技有限公司
5254,北京该亚科技股份有限公司
5255,银弗(北京)科技有限公司
5256,北京小唱科技有限公司
5257,媒之易(北京)网络科技有限公司
5264,北京致臻智造科技有限公司
5266,北京指尖美景传媒广告有限公司
5267,北京天安未来科技有限公司
5269,华软盛世(北京)科技有限公司
5270,统一通信（苏州）有限公司
5272,北京维泰明辉信息技术有限公司
5276,北京联想超融合科技有限公司
5279,北京轩宇信息技术有限公司
5281,沈阳艾尔时代科技发展有限公司
5283,中国电力传媒集团有限公司
5284,中国科学院空间应用工程与技术中心
5286,北京全网数商科技股份有限公司
5287,北京世纪鼎点软件有限公司
5290,成都美和教育咨询有限公司
5293,北京新联铁集团股份有限公司
5294,北京东方金信科技有限公司
5296,北京阿拉丁未来科技有限责任公司
5297,北京顺源开华科技有限公司
5299,上海华点云生物科技有限公司
5301,北京清英咨询有限公司
5304,凡特仁(北京)科技有限公司
5308,北京太阳园科技有限公司
5310,北京掌付科技有限公司
5311,彩虹无线(北京)新技术有限公司
5316,八爪鱼互动(北京)科技有限公司
5317,南方科技大学
5319,珠海安润普科技有限公司
5323,北京艾瑞思机器人技术有限公司
5325,北京融汇金信信息技术有限公司
5326,北京通号国铁城市轨道技术有限公司
5329,安泰得(北京)软件科技有限公司
5330,北京三点一刻科技有限公司
5331,北京航天云路有限公司
5333,北京社文科技有限公司
5335,中金云金融(北京)大数据科技股份有限公司
5339,北京巨龙伟业投资管理有限公司
5340,北京触控科技有限公司
5344,北京柏谊信息科技有限公司
5347,重庆誉存大数据科技有限公司
5349,北京广益三文教育科技有限公司
5350,北京瑞合海跃品牌策划有限公司
5352,北京华创互联科技股份有限公司
5358,北京招通致晟软件技术有限公司
5359,北京信联科汇科技有限公司
5360,北京爱接力科技发展有限公司
5373,中国机动车辆安全鉴定检测中心
5374,益科正润金控投资集团有限公司
5375,北京非凡影界文化传媒股份有限公司
5377,北京奥金智策传媒科技有限公司
5379,人人贷商务顾问(北京)有限公司
5381,先花信息技术(北京)有限公司
5382,北京汉云优品科技有限公司
5385,北京用友审计软件有限公司
5390,互腾(北京)科技有限公司
5391,北京瑞合实创科技发展有限公司
5394,北京蛙鸣华清环保科技有限公司
5395,北京哈哈镜电子商务有限公司
5396,北京奇客创想科技股份有限公司
5400,北京悦图遥感科技发展有限公司
5404,云天弈(北京)信息技术有限公司
5406,北京远鉴科技股份有限公司
5407,成都动鱼数码科技有限公司
5410,北京翼辉信息技术有限公司
5412,山东扬速电子商务集团有限公司
5415,特斯联(北京)科技有限公司
5421,航天中认软件测评科技(北京)有限责任公司
5423,北京择优文化传媒有限公司
5424,北京书生云科技有限公司
5426,北京倍飞视国际视觉艺术交流有限公司
5428,北京睿智融科控股有限公司
5430,内蒙古云科数据服务有限公司
5432,泰德网聚(北京)科技股份有限公司
5437,北京好赞移动科技有限公司
5442,智锐达仪器科技南通有限公司
5446,北京智云奇点科技有限公司
5450,北京信通泰克科技有限公司
5453,北京天地互连信息技术有限公司
5454,经纶世纪医疗网络技术(北京)有限公司
5456,锐汇(上海)资产管理有限公司
5457,北京鼎力创世科技有限公司
5458,奥美德诺(北京)基因科技有限公司
5459,北京你我他互学数据科技股份有限公司
5460,北京睿至大数据有限公司
5463,北京深醒科技有限公司
5468,北京和堂金服科技股份公司
5470,北京经纬纺机新技术有限公司
5472,北京精准沟通传媒科技股份有限公司
5476,中国医学论坛报社
5477,北京五八信息技术有限公司
5480,北京元恒时代科技有限公司
5481,上海贝泰电子信息技术有限公司北京分公司
5482,北京金源茂丰新技术开发有限公司
5485,北京太格时代自动化系统设备有限公司
5490,南京华盾电力信息安全测评有限公司
5491,北京无极慧通科技有限公司
5501,臻和(北京)科技有限公司
5505,人民澳客传媒科技有限公司
5506,北京物联银汇数据科技有限公司
5520,北京正安维视科技股份有限公司
5521,恒耀惠荣股份有限公司
5523,盈嘉互联（北京）科技有限公司
5526,南京网感至察信息科技有限公司
5527,北京兴科迪科技有限公司
5531,北京医华移动医疗科技有限公司
5534,北京领骏科技有限公司
5537,北京佳明航电科技有限公司
5539,用友能源科技有限公司
5541,易安财产保险股份有限公司
5545,成都卫士通信息产业股份有限公司北京分公司
5548,北京热云科技有限公司
5551,优讯时代(北京)网络技术有限公司
5567,北京众签科技有限公司
5601,泸州倍赛达科技有限公司
5608,北京鸿湾科技发展有限公司
5611,北京谛听文化传媒有限公司
5614,北京酷云互动科技有限公司
5616,北京网络职业学院
5620,工信通(北京)信息技术有限公司
5622,龙信数据(北京)有限公司
5630,天津环融集团有限公司
5632,全国中小学教师继续教育网
5634,河北铸梦文化传播有限公司
5644,中金慈云健康科技有限公司
5649,上海象理数据服务有限公司北京分公司
5650,北京联游艺电科技有限公司
5656,日志易
5666,北京深蓝海域信息科技有限公司
5679,北京逸生活技术服务有限公司
5687,北京国研数通软件技术有限公司
5696,北京极客创游科技有限公司
5700,京蒙汇聚(北京)科技发展有限公司
5702,元素征信有限责任公司
5704,北京芯盾时代科技有限公司
5709,北京爱农驿站科技服务有限公司
5711,凯易讯网络技术开发(南京)有限公司
5712,北京龙创腾达科技有限公司
5717,天江智媒科技(北京)有限公司
5722,北京中盾安全技术开发公司
5734,神州灵云(北京)科技有限公司
5738,北京福安华生物科技有限公司
5757,北京博创联动科技有限公司
5762,北京联合永道软件股份有限公司
5765,现在(北京)支付股份有限公司
5778,国金基金管理有限公司
5790,北京博明信德科技有限公司
5792,北京华电天德科技园有限公司
5795,芯视界(北京)科技有限公司
5799,华夏天信(北京)智能低碳技术研究院有限公司
5800,北京金凯瑞铭科技有限公司
5801,寰宇慧旅(北京)科技有限公司
5802,北京新创娱游科技有限公司
5803,深圳小辣椒科技有限责任公司
5805,掌游天下(北京)信息技术股份有限公司
5809,第一视频集团
5813,考拉征信服务有限公司
5824,银杏树信息技术服务(北京)有限公司
5825,昆仑杰信(北京)科技有限责任公司
5829,上濒翅膀教育科技(北京)有限责任公司
5848,北京唯迈医疗设备有限公司
5850,云谷(固安)科技有限公司北京分公司
5855,上海有师网络科技有限公司
5857,北京浩太同益科技发展有限公司
5859,北京奇智睿思信息咨询有限公司
5863,大公智慧(北京)科技股份有限公司
5883,中关村科技软件股份有限公司
5884,北京初志科技有限公司
5889,乘方大数据技术(北京)有限责任公司
5896,北京万方软件股份有限公司
5900,北京多彩投网络科技有限公司
5913,君融贷(北京)信息技术服务有限公司
5918,北京九十文化传播有限公司
5948,北京鑫互联科技有限公司
5951,湖南筑库网信息技术有限公司
5960,深圳米筐科技有限公司
5966,北京七维视觉科技有限公司
5969,触景无限科技(北京)有限公司
5976,北京赞那度网络科技有限公司
5979,英特工程仿真技术(大连)有限公司
5980,北京爱普优邦科技有限公司
5985,北京视连通科技有限公司
5989,南京全设智能科技有限公司
5991,耐誉斯凯(北京)科技有限公司
5996,北京海鲸科技有限公司
5999,北京俏花旦化妆品有限公司
6063,金融工场
6443,龙芯中科技术有限公司
6444,凌动未来(北京)科技有限公司
6702,北京安博士信息安全技术有限公司
6705,民生期货有限公司
6706,北京京师创产知识产权代理有限公司
